contig_8223	0	117	contig_8223	LN714477.1	91.860	86	4	3	232364	232447	850363	850447	3.71e-22
contig_8223	0	117	contig_8223	LN714492.1	91.860	86	4	3	232364	232447	989595	989679	3.71e-22
contig_8223	0	117	contig_8223	FR823383.1	91.860	86	4	3	232364	232447	847979	848063	3.71e-22
contig_8223	0	117	contig_8223	NC_018388.1	91.860	86	4	3	232364	232447	847979	848063	3.71e-22
contig_8223	0	115	contig_8223	LN714486.1	91.765	85	4	3	232365	232447	4340965	4341048	1.34e-21
contig_6675	0	106	contig_6675	LN714477.1	89.655	87	4	4	185674	185757	850447	850363	2.24e-18
contig_6675	0	106	contig_6675	LN714492.1	89.655	87	4	4	185674	185757	989679	989595	2.24e-18
contig_6675	0	106	contig_6675	FR823383.1	89.655	87	4	4	185674	185757	848063	847979	2.24e-18
contig_6675	0	106	contig_6675	NC_018388.1	89.655	87	4	4	185674	185757	848063	847979	2.24e-18
contig_6675	0	104	contig_6675	LN714486.1	89.535	86	4	4	185674	185756	4341048	4340965	8.06e-18
contig_1366	0	110	contig_1366	LN714477.1	91.463	82	4	3	1401170	1401249	850447	850367	8.69e-19
contig_1366	0	110	contig_1366	LN714486.1	91.463	82	4	3	1401170	1401249	4341048	4340968	8.69e-19
contig_1366	0	110	contig_1366	LN714492.1	91.463	82	4	3	1401170	1401249	989679	989599	8.69e-19
contig_1366	0	110	contig_1366	FR823383.1	91.463	82	4	3	1401170	1401249	848063	847983	8.69e-19
contig_1366	0	110	contig_1366	FR823392.1	91.463	82	4	3	1401170	1401249	4337406	4337326	8.69e-19
contig_8451	0	62.1	contig_8451	NC_025260.1	75.000	136	33	1	86109	86244	1949350	1949484	7.47e-06
contig_8451	0	62.1	contig_8451	AP011946.1	75.000	136	33	1	86109	86244	1949350	1949484	7.47e-06
contig_5098	0	163	contig_5098	NC_027207.2	80.342	234	31	13	58021	58243	614774	615003	3.33e-35
contig_5098	0	163	contig_5098	LN871598.1	80.342	234	31	13	58021	58243	614774	615003	3.33e-35
contig_5098	0	158	contig_5098	NC_025260.1	75.942	345	61	16	58021	58352	907615	907280	1.55e-33
contig_5098	0	158	contig_5098	NC_025262.1	76.106	339	59	16	58021	58346	231943	232272	1.55e-33
contig_5098	0	158	contig_5098	AP011946.1	75.942	345	61	16	58021	58352	907615	907280	1.55e-33
contig_7837	0	684	contig_7837	NC_027207.2	80.428	935	151	30	117379	118295	615183	614263	0.0
contig_7837	0	684	contig_7837	LN871598.1	80.428	935	151	30	117379	118295	615183	614263	0.0
contig_7837	0	676	contig_7837	NC_025260.1	80.279	933	155	23	106210	107125	907206	908126	0.0
contig_7837	0	676	contig_7837	NC_025262.1	80.279	933	155	23	117379	118294	232352	231432	0.0
contig_7837	0	676	contig_7837	AP011946.1	80.279	933	155	23	106210	107125	907206	908126	0.0
contig_3200	0	141	contig_3200	LN714474.1	89.381	113	11	1	91363	91475	973516	973405	3.20e-28
contig_3200	0	141	contig_3200	LN714484.1	89.381	113	11	1	91363	91475	4173424	4173535	3.20e-28
contig_3200	0	141	contig_3200	LN714499.1	89.381	113	11	1	91363	91475	5118544	5118433	3.20e-28
contig_3200	0	141	contig_3200	FR823380.1	89.381	113	11	1	91363	91475	972493	972382	3.20e-28
contig_3200	0	141	contig_3200	NC_018385.1	89.381	113	11	1	91363	91475	972493	972382	3.20e-28
contig_6765	0	538	contig_6765	NC_027207.2	84.888	536	78	3	4689	5223	618634	619167	1.67e-150
contig_6765	0	538	contig_6765	LN871598.1	84.888	536	78	3	4689	5223	618634	619167	1.67e-150
contig_6765	0	531	contig_6765	LN714474.1	90.268	411	33	5	4167	4577	973516	973113	2.79e-148
contig_6765	0	531	contig_6765	LN714484.1	90.268	411	33	5	4167	4577	4173424	4173827	2.79e-148
contig_6765	0	531	contig_6765	LN714499.1	90.268	411	33	5	4167	4577	5118544	5118141	2.79e-148
contig_6128	0	472	contig_6128	NC_027207.2	82.714	538	86	7	342	876	618634	619167	2.27e-131
contig_6128	0	472	contig_6128	LN871598.1	82.714	538	86	7	342	876	618634	619167	2.27e-131
contig_6128	0	462	contig_6128	NC_025260.1	82.375	539	87	8	342	876	902168	901634	1.36e-128
contig_6128	0	462	contig_6128	NC_025262.1	82.375	539	87	8	342	876	237386	237920	1.36e-128
contig_6128	0	462	contig_6128	AP011946.1	82.375	539	87	8	342	876	902168	901634	1.36e-128
contig_4080	0	111	contig_4080	LN714477.1	91.566	83	4	3	160373	160453	850366	850447	6.86e-19
contig_4080	0	111	contig_4080	LN714486.1	91.566	83	4	3	160373	160453	4340967	4341048	6.86e-19
contig_4080	0	111	contig_4080	LN714492.1	91.566	83	4	3	160373	160453	989598	989679	6.86e-19
contig_4080	0	111	contig_4080	FR823383.1	91.566	83	4	3	160373	160453	847982	848063	6.86e-19
contig_4080	0	111	contig_4080	FR823392.1	91.566	83	4	3	160373	160453	4337325	4337406	6.86e-19
contig_7110	0	110	contig_7110	LN714477.1	94.444	72	3	1	125903	125973	850447	850376	8.92e-20
contig_7110	0	110	contig_7110	LN714486.1	94.444	72	3	1	125903	125973	4341048	4340977	8.92e-20
contig_7110	0	110	contig_7110	LN714492.1	94.444	72	3	1	125903	125973	989679	989608	8.92e-20
contig_7110	0	110	contig_7110	FR823383.1	94.444	72	3	1	125903	125973	848063	847992	8.92e-20
contig_7110	0	110	contig_7110	FR823392.1	94.444	72	3	1	125903	125973	4337406	4337335	8.92e-20
contig_4293	0	73.1	contig_4293	LN714477.1	97.619	42	1	0	1014471	1014512	850391	850432	3.52e-08
contig_4293	0	73.1	contig_4293	LN714486.1	97.619	42	1	0	1014471	1014512	4340992	4341033	3.52e-08
contig_4293	0	73.1	contig_4293	LN714492.1	97.619	42	1	0	1014471	1014512	989623	989664	3.52e-08
contig_4293	0	73.1	contig_4293	FR823383.1	97.619	42	1	0	1014471	1014512	848007	848048	3.52e-08
contig_4293	0	73.1	contig_4293	FR823392.1	97.619	42	1	0	1014471	1014512	4337350	4337391	3.52e-08
contig_2388	0	104	contig_2388	LN714477.1	93.151	73	2	2	131813	131883	850447	850376	1.51e-17
contig_2388	0	104	contig_2388	LN714486.1	93.151	73	2	2	131813	131883	4341048	4340977	1.51e-17
contig_2388	0	104	contig_2388	LN714492.1	93.151	73	2	2	131813	131883	989679	989608	1.51e-17
contig_2388	0	104	contig_2388	FR823383.1	93.151	73	2	2	131813	131883	848063	847992	1.51e-17
contig_2388	0	104	contig_2388	FR823392.1	93.151	73	2	2	131813	131883	4337406	4337335	1.51e-17
contig_4437	0	99.0	contig_4437	NC_027206.1	72.055	365	90	9	727919	728277	694604	694962	1.40e-15
contig_4437	0	99.0	contig_4437	FO082872.1	72.055	365	90	9	727919	728277	694604	694962	1.40e-15
contig_1051	0	311	contig_1051	NC_027207.2	86.159	289	38	2	4939366	4939653	618634	618921	2.81e-79
contig_1051	0	311	contig_1051	LN871598.1	86.159	289	38	2	4939366	4939653	618634	618921	2.81e-79
contig_1051	0	305	contig_1051	NC_025260.1	85.616	292	40	2	4939366	4939656	902168	901878	1.31e-77
contig_1051	0	305	contig_1051	NC_025262.1	85.813	289	39	2	4939366	4939653	237386	237673	1.31e-77
contig_1051	0	305	contig_1051	AP011946.1	85.616	292	40	2	4939366	4939656	902168	901878	1.31e-77
contig_1678	0	75.0	contig_1678	NC_034969.1	90.909	55	5	0	65965	66019	1070675	1070621	1.18e-09
contig_1678	0	75.0	contig_1678	LN871599.1	90.909	55	5	0	65965	66019	1070675	1070621	1.18e-09
contig_1678	0	71.3	contig_1678	LN714477.1	97.561	41	1	0	65965	66005	541075	541115	1.53e-08
contig_1678	0	71.3	contig_1678	LN714487.1	97.561	41	1	0	65965	66005	6291770	6291810	1.53e-08
contig_1678	0	71.3	contig_1678	LN714492.1	97.561	41	1	0	65965	66005	662393	662433	1.53e-08
contig_8575	0	110	contig_8575	LN714477.1	94.444	72	3	1	851088	851158	850376	850447	2.01e-19
contig_8575	0	110	contig_8575	LN714486.1	94.444	72	3	1	851088	851158	4340977	4341048	2.01e-19
contig_8575	0	110	contig_8575	LN714492.1	94.444	72	3	1	851088	851158	989608	989679	2.01e-19
contig_8575	0	110	contig_8575	FR823383.1	94.444	72	3	1	851088	851158	847992	848063	2.01e-19
contig_8575	0	110	contig_8575	FR823392.1	94.444	72	3	1	851088	851158	4337335	4337406	2.01e-19
contig_3457	0	106	contig_3457	LN714477.1	91.250	80	4	3	224198	224275	850367	850445	3.33e-18
contig_3457	0	106	contig_3457	LN714486.1	91.250	80	4	3	224198	224275	4340968	4341046	3.33e-18
contig_3457	0	106	contig_3457	LN714492.1	91.250	80	4	3	224198	224275	989599	989677	3.33e-18
contig_3457	0	106	contig_3457	FR823383.1	91.250	80	4	3	224198	224275	847983	848061	3.33e-18
contig_3457	0	106	contig_3457	FR823392.1	91.250	80	4	3	224198	224275	4337326	4337404	3.33e-18
contig_5166	0	80.5	contig_5166	LN714477.1	94.231	52	3	0	3838902	3838953	850396	850447	7.77e-10
contig_5166	0	80.5	contig_5166	LN714486.1	94.231	52	3	0	3838902	3838953	4340997	4341048	7.77e-10
contig_5166	0	80.5	contig_5166	LN714492.1	94.231	52	3	0	3838902	3838953	989628	989679	7.77e-10
contig_5166	0	80.5	contig_5166	FR823383.1	94.231	52	3	0	3838902	3838953	848012	848063	7.77e-10
contig_5166	0	80.5	contig_5166	FR823392.1	94.231	52	3	0	3838902	3838953	4337355	4337406	7.77e-10
contig_4649	0	100	contig_4649	NC_027207.2	91.781	73	4	1	270592	270664	1146058	1145988	2.46e-16
contig_4649	0	100	contig_4649	LN714479.1	88.235	85	8	2	270581	270664	1709160	1709077	2.46e-16
contig_4649	0	100	contig_4649	LN871598.1	91.781	73	4	1	270592	270664	1146058	1145988	2.46e-16
contig_4649	0	100	contig_4649	FR823386.1	88.235	85	8	2	270581	270664	1705067	1704984	2.46e-16
contig_4649	0	100	contig_4649	NC_018391.1	88.235	85	8	2	270581	270664	1705067	1704984	2.46e-16
contig_4992	0	213	contig_4992	LN714488.1	76.327	452	75	29	2361729	2362167	1431215	1431647	4.73e-50
contig_4992	0	200	contig_4992	NC_027207.2	76.180	445	69	30	2361729	2362167	613970	613557	3.68e-46
contig_4992	0	200	contig_4992	LN871598.1	76.180	445	69	30	2361729	2362167	613970	613557	3.68e-46
contig_4992	0	191	contig_4992	NC_025260.1	75.785	446	70	27	2361729	2362167	908406	908820	2.22e-43
contig_4992	0	191	contig_4992	NC_025262.1	75.785	446	70	27	2361729	2362167	231152	230738	2.22e-43
contig_349	0	106	contig_349	LN714477.1	90.361	83	5	3	2347924	2348004	850366	850447	6.69e-18
contig_349	0	106	contig_349	LN714486.1	90.361	83	5	3	2347924	2348004	4340967	4341048	6.69e-18
contig_349	0	106	contig_349	LN714492.1	90.361	83	5	3	2347924	2348004	989598	989679	6.69e-18
contig_349	0	106	contig_349	FR823383.1	90.361	83	5	3	2347924	2348004	847982	848063	6.69e-18
contig_349	0	106	contig_349	FR823392.1	90.361	83	5	3	2347924	2348004	4337325	4337406	6.69e-18
contig_4224	0	113	contig_4224	LN714477.1	91.667	84	4	3	38343	38424	850447	850365	4.47e-21
contig_4224	0	113	contig_4224	LN714486.1	91.667	84	4	3	38343	38424	4341048	4340966	4.47e-21
contig_4224	0	113	contig_4224	LN714492.1	91.667	84	4	3	38343	38424	989679	989597	4.47e-21
contig_4224	0	113	contig_4224	FR823383.1	91.667	84	4	3	38343	38424	848063	847981	4.47e-21
contig_4224	0	113	contig_4224	FR823392.1	91.667	84	4	3	38343	38424	4337406	4337324	4.47e-21
contig_1607	0	405	contig_1607	NC_027207.2	79.012	648	95	33	164	805	614169	613557	4.38e-111
contig_1607	0	405	contig_1607	LN871598.1	79.012	648	95	33	164	805	614169	613557	4.38e-111
contig_1607	0	390	contig_1607	NC_025260.1	78.560	653	96	31	161	805	908204	908820	1.23e-106
contig_1607	0	390	contig_1607	NC_025262.1	78.615	650	95	31	164	805	231351	230738	1.23e-106
contig_1607	0	390	contig_1607	AP011946.1	78.560	653	96	31	161	805	908204	908820	1.23e-106
contig_883	0	67.6	contig_883	LN714482.1	90.196	51	5	0	662598	662648	4008248	4008198	1.71e-06
contig_883	0	67.6	contig_883	LN714486.1	90.196	51	5	0	662598	662648	3430357	3430307	1.71e-06
contig_883	0	67.6	contig_883	LN714494.1	90.196	51	5	0	662598	662648	2857619	2857669	1.71e-06
contig_883	0	67.6	contig_883	LN714501.1	90.196	51	5	0	662598	662648	3733792	3733742	1.71e-06
contig_883	0	67.6	contig_883	FR823389.1	90.196	51	5	0	662598	662648	4003439	4003389	1.71e-06
contig_2710	0	104	contig_2710	LN714477.1	93.056	72	4	1	324890	324960	850447	850376	8.46e-18
contig_2710	0	104	contig_2710	LN714486.1	93.056	72	4	1	324890	324960	4341048	4340977	8.46e-18
contig_2710	0	104	contig_2710	LN714492.1	93.056	72	4	1	324890	324960	989679	989608	8.46e-18
contig_2710	0	104	contig_2710	FR823383.1	93.056	72	4	1	324890	324960	848063	847992	8.46e-18
contig_2710	0	104	contig_2710	FR823392.1	93.056	72	4	1	324890	324960	4337406	4337335	8.46e-18
contig_4388	0	119	contig_4388	LN714492.1	91.954	87	4	3	534815	534899	989679	989594	3.01e-22
contig_4388	0	117	contig_4388	LN714477.1	91.860	86	4	3	534815	534898	850447	850363	1.08e-21
contig_4388	0	117	contig_4388	FR823383.1	91.860	86	4	3	534815	534898	848063	847979	1.08e-21
contig_4388	0	117	contig_4388	NC_018388.1	91.860	86	4	3	534815	534898	848063	847979	1.08e-21
contig_4388	0	115	contig_4388	LN714486.1	91.765	85	4	3	534815	534897	4341048	4340965	3.89e-21
contig_5990	0	93.5	contig_5990	NC_034969.1	96.429	56	2	0	5561641	5561696	1070675	1070620	1.18e-13
contig_5990	0	93.5	contig_5990	LN871599.1	96.429	56	2	0	5561641	5561696	1070675	1070620	1.18e-13
contig_5990	0	87.9	contig_5990	LN714477.1	94.643	56	3	0	5561641	5561696	541075	541130	5.50e-12
contig_5990	0	87.9	contig_5990	LN714487.1	94.643	56	3	0	5561641	5561696	6291770	6291825	5.50e-12
contig_5990	0	87.9	contig_5990	LN714492.1	94.643	56	3	0	5561641	5561696	662393	662448	5.50e-12
contig_5281	0	684	contig_5281	NC_027207.2	80.428	935	151	30	16436	17352	615183	614263	0.0
contig_5281	0	684	contig_5281	LN871598.1	80.428	935	151	30	16436	17352	615183	614263	0.0
contig_5281	0	676	contig_5281	NC_025260.1	80.279	933	155	23	5272	6187	907206	908126	0.0
contig_5281	0	676	contig_5281	NC_025262.1	80.279	933	155	23	16436	17351	232352	231432	0.0
contig_5281	0	676	contig_5281	AP011946.1	80.279	933	155	23	5272	6187	907206	908126	0.0
contig_2989	0	104	contig_2989	LN714477.1	93.056	72	4	1	18771	18841	850376	850447	9.49e-18
contig_2989	0	104	contig_2989	LN714486.1	93.056	72	4	1	18771	18841	4340977	4341048	9.49e-18
contig_2989	0	104	contig_2989	LN714492.1	93.056	72	4	1	18771	18841	989608	989679	9.49e-18
contig_2989	0	104	contig_2989	FR823383.1	93.056	72	4	1	18771	18841	847992	848063	9.49e-18
contig_2989	0	104	contig_2989	FR823392.1	93.056	72	4	1	18771	18841	4337335	4337406	9.49e-18
contig_1118	0	106	contig_1118	LN714477.1	89.655	87	4	4	1079514	1079597	850363	850447	2.11e-17
contig_1118	0	106	contig_1118	LN714492.1	89.655	87	4	4	1079514	1079597	989595	989679	2.11e-17
contig_1118	0	106	contig_1118	FR823383.1	89.655	87	4	4	1079514	1079597	847979	848063	2.11e-17
contig_1118	0	106	contig_1118	NC_018388.1	89.655	87	4	4	1079514	1079597	847979	848063	2.11e-17
contig_1118	0	104	contig_1118	LN714486.1	89.535	86	4	4	1079515	1079597	4340965	4341048	7.60e-17
contig_3558	0	106	contig_3558	LN714477.1	100.000	57	0	0	3639617	3639673	850447	850391	2.46e-17
contig_3558	0	106	contig_3558	LN714486.1	100.000	57	0	0	3639617	3639673	4341048	4340992	2.46e-17
contig_3558	0	106	contig_3558	LN714492.1	100.000	57	0	0	3639617	3639673	989679	989623	2.46e-17
contig_3558	0	106	contig_3558	FR823383.1	100.000	57	0	0	3639617	3639673	848063	848007	2.46e-17
contig_3558	0	106	contig_3558	FR823392.1	100.000	57	0	0	3639617	3639673	4337406	4337350	2.46e-17
contig_1337	0	176	contig_1337	LN714474.1	86.957	161	16	5	415	574	973360	973516	1.40e-42
contig_1337	0	176	contig_1337	LN714484.1	86.957	161	16	5	415	574	4173580	4173424	1.40e-42
contig_1337	0	176	contig_1337	LN714499.1	86.957	161	16	5	415	574	5118388	5118544	1.40e-42
contig_1337	0	176	contig_1337	FR823380.1	86.957	161	16	5	415	574	972337	972493	1.40e-42
contig_1337	0	171	contig_1337	LN714489.1	86.335	161	17	5	415	574	1587509	1587665	6.49e-41
contig_4888	0	182	contig_4888	NC_025260.1	86.228	167	23	0	740348	740514	903786	903952	4.25e-41
contig_4888	0	182	contig_4888	NC_025262.1	86.228	167	23	0	740348	740514	235768	235602	4.25e-41
contig_4888	0	182	contig_4888	AP011946.1	86.228	167	23	0	740348	740514	903786	903952	4.25e-41
contig_4888	0	182	contig_4888	AP011948.1	86.228	167	23	0	740348	740514	235768	235602	4.25e-41
contig_4888	0	171	contig_4888	NC_027207.2	85.030	167	25	0	740348	740514	617032	616866	9.20e-38
contig_8818	0	119	contig_8818	LN714502.1	88.660	97	11	0	156583	156679	5712119	5712023	7.67e-23
contig_8818	0	95.3	contig_8818	LN714499.1	81.897	116	18	1	156564	156679	5405438	5405326	1.29e-15
contig_7671	0	93.5	contig_7671	LN714476.1	81.416	113	21	0	835809	835921	1483298	1483410	2.61e-14
contig_7671	0	93.5	contig_7671	FR823382.1	81.416	113	21	0	835809	835921	1479719	1479831	2.61e-14
contig_7671	0	93.5	contig_7671	NC_018387.1	81.416	113	21	0	835809	835921	1479719	1479831	2.61e-14
contig_5693	0	110	contig_5693	NC_027206.1	72.376	362	94	6	700658	701016	694604	694962	9.43e-19
contig_5693	0	110	contig_5693	FO082872.1	72.376	362	94	6	700658	701016	694604	694962	9.43e-19
contig_18014	0	571	contig_18014	NC_027207.2	78.457	933	159	38	1	908	614268	615183	3.57e-161
contig_18014	0	571	contig_18014	LN871598.1	78.457	933	159	38	1	908	614268	615183	3.57e-161
contig_18014	0	560	contig_18014	NC_025260.1	78.242	933	162	33	1	908	908122	907206	7.73e-158
contig_18014	0	560	contig_18014	NC_025262.1	78.242	933	162	33	1	908	231436	232352	7.73e-158
contig_18014	0	560	contig_18014	AP011946.1	78.242	933	162	33	1	908	908122	907206	7.73e-158
contig_3808	0	82.4	contig_3808	LN714477.1	100.000	44	0	0	3188204	3188247	850447	850404	1.90e-10
contig_3808	0	82.4	contig_3808	LN714486.1	100.000	44	0	0	3188204	3188247	4341048	4341005	1.90e-10
contig_3808	0	82.4	contig_3808	LN714492.1	100.000	44	0	0	3188204	3188247	989679	989636	1.90e-10
contig_3808	0	82.4	contig_3808	FR823383.1	100.000	44	0	0	3188204	3188247	848063	848020	1.90e-10
contig_3808	0	82.4	contig_3808	FR823392.1	100.000	44	0	0	3188204	3188247	4337406	4337363	1.90e-10
contig_8868	0	110	contig_8868	NC_027206.1	72.376	362	94	6	5002566	5002924	694604	694962	1.18e-18
contig_8868	0	110	contig_8868	FO082872.1	72.376	362	94	6	5002566	5002924	694604	694962	1.18e-18
contig_4453	0	113	contig_4453	NC_027207.2	76.033	242	44	13	1756734	1756967	618639	618874	3.08e-20
contig_4453	0	113	contig_4453	LN871598.1	76.033	242	44	13	1756734	1756967	618639	618874	3.08e-20
contig_4453	0	89.8	contig_4453	LN714474.1	73.859	241	55	8	1756735	1756970	973007	972770	5.19e-13
contig_4453	0	89.8	contig_4453	LN714484.1	73.950	238	54	8	1756735	1756967	4173933	4174167	5.19e-13
contig_4453	0	89.8	contig_4453	LN714499.1	73.859	241	55	8	1756735	1756970	5115002	5114765	5.19e-13
contig_871	0	684	contig_871	NC_027207.2	80.428	935	151	30	9824	10740	614263	615183	0.0
contig_871	0	684	contig_871	LN871598.1	80.428	935	151	30	9824	10740	614263	615183	0.0
contig_871	0	676	contig_871	NC_025260.1	80.279	933	155	23	9825	10740	908126	907206	0.0
contig_871	0	676	contig_871	NC_025262.1	80.279	933	155	23	9825	10740	231432	232352	0.0
contig_871	0	676	contig_871	AP011946.1	80.279	933	155	23	9825	10740	908126	907206	0.0
contig_18240	0	110	contig_18240	LN714477.1	91.463	82	4	3	269422	269501	850447	850367	5.97e-20
contig_18240	0	110	contig_18240	LN714486.1	91.463	82	4	3	269422	269501	4341048	4340968	5.97e-20
contig_18240	0	110	contig_18240	LN714492.1	91.463	82	4	3	269422	269501	989679	989599	5.97e-20
contig_18240	0	110	contig_18240	FR823383.1	91.463	82	4	3	269422	269501	848063	847983	5.97e-20
contig_18240	0	110	contig_18240	FR823392.1	91.463	82	4	3	269422	269501	4337406	4337326	5.97e-20
contig_2170	0	86.1	contig_2170	LN714482.1	90.625	64	6	0	1554972	1555035	4008261	4008198	1.73e-11
contig_2170	0	86.1	contig_2170	LN714486.1	90.625	64	6	0	1554972	1555035	3430370	3430307	1.73e-11
contig_2170	0	86.1	contig_2170	LN714494.1	90.625	64	6	0	1554972	1555035	2857606	2857669	1.73e-11
contig_2170	0	86.1	contig_2170	LN714501.1	90.625	64	6	0	1554972	1555035	3733805	3733742	1.73e-11
contig_2170	0	86.1	contig_2170	FR823389.1	90.625	64	6	0	1554972	1555035	4003452	4003389	1.73e-11
contig_6621	0	538	contig_6621	NC_027207.2	84.888	536	78	3	3835	4369	618634	619167	1.77e-150
contig_6621	0	538	contig_6621	LN871598.1	84.888	536	78	3	3835	4369	618634	619167	1.77e-150
contig_6621	0	529	contig_6621	NC_025260.1	84.544	537	79	4	3835	4369	902168	901634	1.07e-147
contig_6621	0	529	contig_6621	NC_025262.1	84.544	537	79	4	3835	4369	237386	237920	1.07e-147
contig_6621	0	529	contig_6621	AP011946.1	84.544	537	79	4	3835	4369	902168	901634	1.07e-147
contig_2405	0	78.7	contig_2405	LN714477.1	97.778	45	1	0	718756	718800	850447	850403	2.49e-09
contig_2405	0	78.7	contig_2405	LN714486.1	97.778	45	1	0	718756	718800	4341048	4341004	2.49e-09
contig_2405	0	78.7	contig_2405	LN714492.1	97.778	45	1	0	718756	718800	989679	989635	2.49e-09
contig_2405	0	78.7	contig_2405	FR823383.1	97.778	45	1	0	718756	718800	848063	848019	2.49e-09
contig_2405	0	78.7	contig_2405	FR823392.1	97.778	45	1	0	718756	718800	4337406	4337362	2.49e-09
contig_2295	0	538	contig_2295	NC_027207.2	84.888	536	78	3	222	756	619167	618634	5.86e-151
contig_2295	0	538	contig_2295	LN871598.1	84.888	536	78	3	222	756	619167	618634	5.86e-151
contig_2295	0	529	contig_2295	NC_025260.1	84.544	537	79	4	222	756	901634	902168	3.53e-148
contig_2295	0	529	contig_2295	NC_025262.1	84.544	537	79	4	222	756	237920	237386	3.53e-148
contig_2295	0	529	contig_2295	AP011946.1	84.544	537	79	4	222	756	901634	902168	3.53e-148
contig_1903	0	281	contig_1903	LN714490.1	78.947	418	85	3	2305362	2305778	998852	999267	1.62e-70
contig_1903	0	91.6	contig_1903	LN714477.1	90.278	72	3	2	1219149	1219216	850447	850376	2.93e-13
contig_1903	0	91.6	contig_1903	LN714486.1	90.278	72	3	2	1219149	1219216	4341048	4340977	2.93e-13
contig_1903	0	91.6	contig_1903	LN714492.1	90.278	72	3	2	1219149	1219216	989679	989608	2.93e-13
contig_1903	0	91.6	contig_1903	FR823383.1	90.278	72	3	2	1219149	1219216	848063	847992	2.93e-13
contig_253	0	460	contig_253	NC_027207.2	81.615	582	84	21	476	1043	614611	615183	9.36e-128
contig_253	0	460	contig_253	LN871598.1	81.615	582	84	21	476	1043	614611	615183	9.36e-128
contig_253	0	449	contig_253	NC_025260.1	81.347	579	85	17	479	1043	907775	907206	2.03e-124
contig_253	0	449	contig_253	NC_025262.1	81.271	582	86	17	476	1043	231780	232352	2.03e-124
contig_253	0	449	contig_253	AP011946.1	81.347	579	85	17	479	1043	907775	907206	2.03e-124
contig_1790	0	220	contig_1790	NC_027207.2	84.444	225	34	1	4	228	618944	619167	1.41e-55
contig_1790	0	220	contig_1790	LN871598.1	84.444	225	34	1	4	228	618944	619167	1.41e-55
contig_1790	0	211	contig_1790	LN714484.1	83.556	225	37	0	4	228	4174237	4174461	8.48e-53
contig_1790	0	211	contig_1790	LN714499.1	83.556	225	37	0	4	228	5114698	5114474	8.48e-53
contig_1790	0	211	contig_1790	NC_025260.1	83.628	226	35	2	4	228	901858	901634	8.48e-53
contig_8247	0	110	contig_8247	LN714477.1	91.463	82	4	3	160153	160232	850367	850447	4.02e-19
contig_8247	0	110	contig_8247	LN714486.1	91.463	82	4	3	160153	160232	4340968	4341048	4.02e-19
contig_8247	0	110	contig_8247	LN714492.1	91.463	82	4	3	160153	160232	989599	989679	4.02e-19
contig_8247	0	110	contig_8247	FR823383.1	91.463	82	4	3	160153	160232	847983	848063	4.02e-19
contig_8247	0	110	contig_8247	FR823392.1	91.463	82	4	3	160153	160232	4337326	4337406	4.02e-19
contig_8574	0	91.6	contig_8574	LN714482.1	92.188	64	5	0	1342907	1342970	4008198	4008261	3.88e-13
contig_8574	0	91.6	contig_8574	LN714486.1	92.188	64	5	0	1342907	1342970	3430307	3430370	3.88e-13
contig_8574	0	91.6	contig_8574	LN714494.1	92.188	64	5	0	3841814	3841877	2857669	2857606	3.88e-13
contig_8574	0	91.6	contig_8574	LN714501.1	92.188	64	5	0	1342907	1342970	3733742	3733805	3.88e-13
contig_8574	0	91.6	contig_8574	FR823389.1	92.188	64	5	0	1342907	1342970	4003389	4003452	3.88e-13
contig_3400	0	538	contig_3400	NC_027207.2	84.888	536	78	3	2334	2868	619167	618634	1.23e-150
contig_3400	0	538	contig_3400	LN871598.1	84.888	536	78	3	2334	2868	619167	618634	1.23e-150
contig_3400	0	531	contig_3400	LN714474.1	90.268	411	33	5	2980	3390	973113	973516	2.06e-148
contig_3400	0	531	contig_3400	LN714484.1	90.268	411	33	5	2980	3390	4173827	4173424	2.06e-148
contig_3400	0	531	contig_3400	LN714499.1	90.268	411	33	5	2980	3390	5118141	5118544	2.06e-148
contig_2720	0	453	contig_2720	NC_027207.2	87.532	393	47	2	1982	2373	618634	619025	1.95e-125
contig_2720	0	453	contig_2720	NC_025260.1	87.532	393	47	2	1982	2373	902168	901777	1.95e-125
contig_2720	0	453	contig_2720	NC_025262.1	87.532	393	47	2	1982	2373	237386	237777	1.95e-125
contig_2720	0	453	contig_2720	LN871598.1	87.532	393	47	2	1982	2373	618634	619025	1.95e-125
contig_2720	0	453	contig_2720	AP011946.1	87.532	393	47	2	1982	2373	902168	901777	1.95e-125
contig_777	0	115	contig_777	LN714492.1	90.909	88	5	3	3806171	3806256	989593	989679	2.02e-20
contig_777	0	111	contig_777	LN714477.1	90.698	86	5	3	3806173	3806256	850363	850447	2.61e-19
contig_777	0	111	contig_777	FR823383.1	90.698	86	5	3	3806173	3806256	847979	848063	2.61e-19
contig_777	0	111	contig_777	NC_018388.1	90.698	86	5	3	3806173	3806256	847979	848063	2.61e-19
contig_777	0	110	contig_777	LN714486.1	90.588	85	5	3	3806174	3806256	4340965	4341048	9.40e-19
contig_8003	0	93.5	contig_8003	LN714501.1	90.278	72	5	2	1319663	1319733	3733742	3733812	4.43e-14
contig_8003	0	91.6	contig_8003	LN714482.1	92.188	64	5	0	1319663	1319726	4008198	4008261	1.59e-13
contig_8003	0	91.6	contig_8003	LN714486.1	92.188	64	5	0	1319663	1319726	3430307	3430370	1.59e-13
contig_8003	0	91.6	contig_8003	LN714494.1	90.141	71	5	2	1319663	1319732	2857669	2857600	1.59e-13
contig_8003	0	91.6	contig_8003	FR823389.1	92.188	64	5	0	1319663	1319726	4003389	4003452	1.59e-13
contig_2952	0	398	contig_2952	NC_027207.2	87.006	354	44	2	1796	2148	619167	618815	8.41e-109
contig_2952	0	398	contig_2952	LN871598.1	87.006	354	44	2	1796	2148	619167	618815	8.41e-109
contig_2952	0	392	contig_2952	LN714484.1	86.686	353	47	0	1796	2148	4174461	4174109	3.91e-107
contig_2952	0	392	contig_2952	LN714499.1	87.209	344	44	0	1796	2139	5114474	5114817	3.91e-107
contig_2952	0	392	contig_2952	NC_025260.1	87.246	345	42	2	1796	2139	901634	901977	3.91e-107
contig_3563	0	115	contig_3563	LN714477.1	91.765	85	4	3	606786	606868	850364	850447	5.16e-21
contig_3563	0	115	contig_3563	LN714486.1	91.765	85	4	3	606786	606868	4340965	4341048	5.16e-21
contig_3563	0	115	contig_3563	LN714492.1	91.765	85	4	3	606786	606868	989596	989679	5.16e-21
contig_3563	0	115	contig_3563	FR823383.1	91.765	85	4	3	606786	606868	847980	848063	5.16e-21
contig_3563	0	115	contig_3563	FR823392.1	91.765	85	4	3	606786	606868	4337323	4337406	5.16e-21
contig_1890	0	121	contig_1890	NC_027206.1	72.928	362	92	6	843086	843444	694604	694962	2.63e-22
contig_1890	0	121	contig_1890	FO082872.1	72.928	362	92	6	843086	843444	694604	694962	2.63e-22
contig_3733	0	104	contig_3733	LN714477.1	94.203	69	3	1	3976280	3976347	850379	850447	5.84e-17
contig_3733	0	104	contig_3733	LN714486.1	94.203	69	3	1	3976280	3976347	4340980	4341048	5.84e-17
contig_3733	0	104	contig_3733	LN714492.1	94.203	69	3	1	3976280	3976347	989611	989679	5.84e-17
contig_3733	0	104	contig_3733	FR823383.1	94.203	69	3	1	3976280	3976347	847995	848063	5.84e-17
contig_3733	0	104	contig_3733	FR823392.1	94.203	69	3	1	3976280	3976347	4337338	4337406	5.84e-17
contig_680	0	359	contig_680	NC_027207.2	79.444	540	86	19	228	748	618634	619167	4.71e-97
contig_680	0	359	contig_680	LN871598.1	79.444	540	86	19	228	748	618634	619167	4.71e-97
contig_680	0	351	contig_680	LN714484.1	78.739	555	97	14	211	748	4173911	4174461	7.88e-95
contig_680	0	351	contig_680	LN714499.1	78.739	555	97	13	211	748	5115024	5114474	7.88e-95
contig_680	0	350	contig_680	NC_025260.1	79.074	540	89	17	228	748	902168	901634	2.83e-94
contig_6991	0	75.0	contig_6991	LN714477.1	100.000	40	0	0	2715156	2715195	850447	850408	2.82e-08
contig_6991	0	75.0	contig_6991	LN714486.1	100.000	40	0	0	2715156	2715195	4341048	4341009	2.82e-08
contig_6991	0	75.0	contig_6991	LN714492.1	100.000	40	0	0	2715156	2715195	989679	989640	2.82e-08
contig_6991	0	75.0	contig_6991	FR823383.1	100.000	40	0	0	2715156	2715195	848063	848024	2.82e-08
contig_6991	0	75.0	contig_6991	FR823392.1	100.000	40	0	0	2715156	2715195	4337406	4337367	2.82e-08
contig_1795	0	477	contig_1795	NC_027207.2	83.054	537	79	11	232	762	619164	618634	4.11e-133
contig_1795	0	477	contig_1795	LN871598.1	83.054	537	79	11	232	762	619164	618634	4.11e-133
contig_1795	0	460	contig_1795	NC_025260.1	82.440	541	82	12	229	762	901634	902168	4.14e-128
contig_1795	0	460	contig_1795	NC_025262.1	82.528	538	81	12	232	762	237917	237386	4.14e-128
contig_1795	0	460	contig_1795	AP011946.1	82.440	541	82	12	229	762	901634	902168	4.14e-128
contig_4021	0	209	contig_4021	NC_025260.1	82.927	246	28	10	1	245	902477	902245	6.53e-53
contig_4021	0	209	contig_4021	NC_025262.1	82.927	246	28	10	1	245	237077	237309	6.53e-53
contig_4021	0	209	contig_4021	AP011946.1	82.927	246	28	10	1	245	902477	902245	6.53e-53
contig_4021	0	209	contig_4021	AP011948.1	82.927	246	28	10	1	245	237077	237309	6.53e-53
contig_4021	0	202	contig_4021	LN714474.1	86.082	194	19	5	1	193	973328	973142	1.09e-50
contig_5993	0	93.5	contig_5993	NC_034969.1	96.429	56	2	0	142678	142733	1070620	1070675	6.42e-15
contig_5993	0	93.5	contig_5993	LN871599.1	96.429	56	2	0	142678	142733	1070620	1070675	6.42e-15
contig_5993	0	89.8	contig_5993	LN714502.1	90.141	71	3	3	142665	142733	6766993	6766925	8.31e-14
contig_5993	0	87.9	contig_5993	LN714477.1	94.643	56	3	0	142678	142733	541130	541075	2.99e-13
contig_5993	0	87.9	contig_5993	LN714487.1	94.643	56	3	0	142678	142733	6291825	6291770	2.99e-13
contig_6056	0	110	contig_6056	LN714477.1	91.463	82	4	3	19450	19529	850367	850447	3.28e-19
contig_6056	0	110	contig_6056	LN714486.1	91.463	82	4	3	19450	19529	4340968	4341048	3.28e-19
contig_6056	0	110	contig_6056	LN714492.1	91.463	82	4	3	19450	19529	989599	989679	3.28e-19
contig_6056	0	110	contig_6056	FR823383.1	91.463	82	4	3	19450	19529	847983	848063	3.28e-19
contig_6056	0	110	contig_6056	FR823392.1	91.463	82	4	3	19450	19529	4337326	4337406	3.28e-19
contig_3379	0	111	contig_3379	LN714477.1	90.698	86	5	3	756351	756434	850447	850363	1.15e-19
contig_3379	0	111	contig_3379	LN714492.1	90.698	86	5	3	756351	756434	989679	989595	1.15e-19
contig_3379	0	111	contig_3379	FR823383.1	90.698	86	5	3	756351	756434	848063	847979	1.15e-19
contig_3379	0	111	contig_3379	NC_018388.1	90.698	86	5	3	756351	756434	848063	847979	1.15e-19
contig_3379	0	110	contig_3379	LN714486.1	90.588	85	5	3	756351	756433	4341048	4340965	4.13e-19
contig_3749	0	505	contig_3749	NC_025261.1	75.948	1002	229	10	1424700	1425695	933500	934495	2.25e-137
contig_3749	0	505	contig_3749	AP011947.1	75.948	1002	229	10	1424700	1425695	933500	934495	2.25e-137
contig_3749	0	366	contig_3749	LN714500.1	74.142	932	220	20	1443946	1444867	3978455	3979375	1.11e-95
contig_3749	0	351	contig_3749	LN714476.1	73.956	910	220	17	1424798	1425698	487905	488806	3.10e-91
contig_3749	0	351	contig_3749	FR823382.1	73.956	910	220	17	1424798	1425698	484462	485363	3.10e-91
contig_189	0	84.2	contig_189	LN714482.1	97.917	48	1	0	131944	131991	4008260	4008213	4.15e-11
contig_189	0	84.2	contig_189	LN714486.1	97.917	48	1	0	131944	131991	3430369	3430322	4.15e-11
contig_189	0	84.2	contig_189	LN714494.1	97.917	48	1	0	131944	131991	2857607	2857654	4.15e-11
contig_189	0	84.2	contig_189	LN714501.1	97.917	48	1	0	131944	131991	3733804	3733757	4.15e-11
contig_189	0	84.2	contig_189	FR823389.1	97.917	48	1	0	131944	131991	4003451	4003404	4.15e-11
contig_2842	0	115	contig_2842	LN714490.1	80.822	146	28	0	345000	345145	999118	999263	2.47e-20
contig_2842	0	111	contig_2842	LN714477.1	91.566	83	4	3	2616923	2617003	850366	850447	3.20e-19
contig_2842	0	111	contig_2842	LN714486.1	91.566	83	4	3	2616923	2617003	4340967	4341048	3.20e-19
contig_2842	0	111	contig_2842	LN714492.1	91.566	83	4	3	2616923	2617003	989598	989679	3.20e-19
contig_2842	0	111	contig_2842	FR823383.1	91.566	83	4	3	2616923	2617003	847982	848063	3.20e-19
contig_974	0	106	contig_974	LN714477.1	89.535	86	5	4	5203939	5204021	850447	850363	1.69e-17
contig_974	0	106	contig_974	LN714492.1	89.535	86	5	4	5203939	5204021	989679	989595	1.69e-17
contig_974	0	106	contig_974	FR823383.1	89.535	86	5	4	5203939	5204021	848063	847979	1.69e-17
contig_974	0	106	contig_974	NC_018388.1	89.535	86	5	4	5203939	5204021	848063	847979	1.69e-17
contig_974	0	104	contig_974	LN714486.1	89.412	85	5	4	5203939	5204020	4341048	4340965	6.09e-17
contig_7819	0	110	contig_7819	LN714477.1	91.463	82	4	3	230944	231023	850367	850447	7.28e-19
contig_7819	0	110	contig_7819	LN714486.1	91.463	82	4	3	230944	231023	4340968	4341048	7.28e-19
contig_7819	0	110	contig_7819	LN714492.1	91.463	82	4	3	230944	231023	989599	989679	7.28e-19
contig_7819	0	110	contig_7819	FR823383.1	91.463	82	4	3	230944	231023	847983	848063	7.28e-19
contig_7819	0	110	contig_7819	FR823392.1	91.463	82	4	3	230944	231023	4337326	4337406	7.28e-19
contig_3407	0	538	contig_3407	NC_027207.2	84.888	536	78	3	2301	2835	619167	618634	6.45e-151
contig_3407	0	538	contig_3407	LN871598.1	84.888	536	78	3	2301	2835	619167	618634	6.45e-151
contig_3407	0	529	contig_3407	NC_025260.1	84.544	537	79	4	2301	2835	901634	902168	3.88e-148
contig_3407	0	529	contig_3407	NC_025262.1	84.544	537	79	4	2301	2835	237920	237386	3.88e-148
contig_3407	0	529	contig_3407	AP011946.1	84.544	537	79	4	2301	2835	901634	902168	3.88e-148
contig_4064	0	110	contig_4064	LN714477.1	94.444	72	3	1	556830	556900	850447	850376	2.96e-19
contig_4064	0	110	contig_4064	LN714486.1	94.444	72	3	1	556830	556900	4341048	4340977	2.96e-19
contig_4064	0	110	contig_4064	LN714492.1	88.298	94	8	3	556830	556921	989679	989587	2.96e-19
contig_4064	0	110	contig_4064	FR823383.1	94.444	72	3	1	556830	556900	848063	847992	2.96e-19
contig_4064	0	110	contig_4064	FR823392.1	94.444	72	3	1	556830	556900	4337406	4337335	2.96e-19
contig_518	0	525	contig_518	LN714474.1	90.024	411	33	6	523	932	973113	973516	2.75e-147
contig_518	0	525	contig_518	LN714484.1	90.024	411	33	6	523	932	4173827	4173424	2.75e-147
contig_518	0	525	contig_518	LN714499.1	90.024	411	33	6	523	932	5118141	5118544	2.75e-147
contig_518	0	520	contig_518	LN714489.1	89.781	411	34	6	523	932	1587262	1587665	1.28e-145
contig_518	0	514	contig_518	NC_025260.1	88.759	427	38	9	506	930	902245	902663	5.94e-144
contig_626	0	110	contig_626	LN714477.1	91.463	82	4	3	860831	860910	850367	850447	8.49e-19
contig_626	0	110	contig_626	LN714486.1	91.463	82	4	3	860831	860910	4340968	4341048	8.49e-19
contig_626	0	110	contig_626	LN714492.1	91.463	82	4	3	860831	860910	989599	989679	8.49e-19
contig_626	0	110	contig_626	FR823383.1	91.463	82	4	3	860831	860910	847983	848063	8.49e-19
contig_626	0	110	contig_626	FR823392.1	91.463	82	4	3	860831	860910	4337326	4337406	8.49e-19
contig_13557	0	91.6	contig_13557	LN714482.1	92.188	64	5	0	4405	4468	4008261	4008198	3.97e-16
contig_13557	0	91.6	contig_13557	LN714486.1	92.188	64	5	0	4405	4468	3430370	3430307	3.97e-16
contig_13557	0	91.6	contig_13557	LN714494.1	92.188	64	5	0	4405	4468	2857606	2857669	3.97e-16
contig_13557	0	91.6	contig_13557	LN714501.1	92.188	64	5	0	4405	4468	3733805	3733742	3.97e-16
contig_13557	0	91.6	contig_13557	FR823389.1	92.188	64	5	0	4405	4468	4003452	4003389	3.97e-16
contig_5466	0	536	contig_5466	NC_027207.2	83.826	575	82	11	1394	1963	614263	614831	1.55e-150
contig_5466	0	536	contig_5466	LN871598.1	83.826	575	82	11	1394	1963	614263	614831	1.55e-150
contig_5466	0	531	contig_5466	NC_025260.1	83.595	573	86	8	1395	1963	908126	907558	7.22e-149
contig_5466	0	531	contig_5466	NC_025262.1	83.595	573	86	8	1395	1963	231432	232000	7.22e-149
contig_5466	0	531	contig_5466	AP011946.1	83.595	573	86	8	1395	1963	908126	907558	7.22e-149
contig_8540	0	89.8	contig_8540	NC_034969.1	93.443	61	2	1	216777	216835	1763186	1763246	3.66e-13
contig_8540	0	89.8	contig_8540	LN714477.1	94.737	57	3	0	216780	216836	850391	850447	3.66e-13
contig_8540	0	89.8	contig_8540	LN714486.1	94.737	57	3	0	216780	216836	4340992	4341048	3.66e-13
contig_8540	0	89.8	contig_8540	LN714492.1	85.393	89	9	4	216750	216836	989593	989679	3.66e-13
contig_8540	0	89.8	contig_8540	NC_025261.1	93.443	61	2	1	216777	216835	927048	927108	3.66e-13
contig_4183	0	110	contig_4183	LN714477.1	91.463	82	4	3	122185	122264	850447	850367	7.02e-19
contig_4183	0	110	contig_4183	LN714486.1	91.463	82	4	3	122185	122264	4341048	4340968	7.02e-19
contig_4183	0	110	contig_4183	LN714492.1	91.463	82	4	3	122185	122264	989679	989599	7.02e-19
contig_4183	0	110	contig_4183	FR823383.1	91.463	82	4	3	122185	122264	848063	847983	7.02e-19
contig_4183	0	110	contig_4183	FR823392.1	91.463	82	4	3	122185	122264	4337406	4337326	7.02e-19
contig_9502	0	178	contig_9502	LN714484.1	82.075	212	35	3	22379	22589	2913812	2913603	1.11e-39
contig_9502	0	178	contig_9502	FR823385.1	82.075	212	35	3	22379	22589	2907531	2907322	1.11e-39
contig_9502	0	178	contig_9502	NC_018390.1	82.075	212	35	3	22379	22589	2907531	2907322	1.11e-39
contig_9502	0	172	contig_9502	LN714499.1	81.731	208	37	1	21923	22130	3572265	3572059	5.15e-38
contig_5474	0	462	contig_5474	NC_027207.2	82.407	540	86	8	1998	2534	619167	618634	3.72e-128
contig_5474	0	462	contig_5474	LN871598.1	82.407	540	86	8	1998	2534	619167	618634	3.72e-128
contig_5474	0	457	contig_5474	LN714484.1	81.934	548	91	7	1998	2542	4174461	4173919	1.73e-126
contig_5474	0	457	contig_5474	LN714499.1	82.103	542	89	7	1998	2536	5114474	5115010	1.73e-126
contig_5474	0	453	contig_5474	NC_025260.1	82.103	542	85	11	1998	2534	901634	902168	2.24e-125
contig_2338	0	86.1	contig_2338	LN714482.1	90.625	64	6	0	45587	45650	4008198	4008261	4.39e-13
contig_2338	0	86.1	contig_2338	LN714486.1	90.625	64	6	0	45587	45650	3430307	3430370	4.39e-13
contig_2338	0	86.1	contig_2338	LN714494.1	90.625	64	6	0	45587	45650	2857669	2857606	4.39e-13
contig_2338	0	86.1	contig_2338	LN714501.1	87.838	74	8	1	45587	45659	3733742	3733815	4.39e-13
contig_2338	0	86.1	contig_2338	FR823389.1	90.625	64	6	0	45587	45650	4003389	4003452	4.39e-13
contig_6499	0	684	contig_6499	NC_027207.2	80.428	935	151	30	7165	8081	614263	615183	0.0
contig_6499	0	684	contig_6499	LN871598.1	80.428	935	151	30	7165	8081	614263	615183	0.0
contig_6499	0	676	contig_6499	NC_025260.1	80.279	933	155	23	7166	8081	908126	907206	0.0
contig_6499	0	676	contig_6499	NC_025262.1	80.279	933	155	23	7166	8081	231432	232352	0.0
contig_6499	0	676	contig_6499	AP011946.1	80.279	933	155	23	7166	8081	908126	907206	0.0
contig_3631	0	113	contig_3631	LN714492.1	87.879	99	9	3	885026	885122	989582	989679	4.25e-20
contig_3631	0	111	contig_3631	LN714477.1	91.566	83	4	3	885042	885122	850366	850447	1.53e-19
contig_3631	0	111	contig_3631	LN714486.1	91.566	83	4	3	885042	885122	4340967	4341048	1.53e-19
contig_3631	0	111	contig_3631	FR823383.1	91.566	83	4	3	885042	885122	847982	848063	1.53e-19
contig_3631	0	111	contig_3631	FR823392.1	91.566	83	4	3	885042	885122	4337325	4337406	1.53e-19
contig_6400	0	684	contig_6400	NC_027207.2	80.428	935	151	30	886	1802	615183	614263	0.0
contig_6400	0	684	contig_6400	LN871598.1	80.428	935	151	30	886	1802	615183	614263	0.0
contig_6400	0	676	contig_6400	NC_025260.1	80.279	933	155	23	886	1801	907206	908126	0.0
contig_6400	0	676	contig_6400	NC_025262.1	80.279	933	155	23	886	1801	232352	231432	0.0
contig_6400	0	676	contig_6400	AP011946.1	80.279	933	155	23	886	1801	907206	908126	0.0
contig_3199	0	80.5	contig_3199	LN714482.1	94.231	52	3	0	1811388	1811439	4008258	4008207	7.98e-10
contig_3199	0	80.5	contig_3199	LN714486.1	94.231	52	3	0	1811388	1811439	3430367	3430316	7.98e-10
contig_3199	0	80.5	contig_3199	LN714494.1	97.826	46	1	0	1811388	1811433	2857609	2857654	7.98e-10
contig_3199	0	80.5	contig_3199	LN714501.1	94.231	52	3	0	1811388	1811439	3733802	3733751	7.98e-10
contig_3199	0	80.5	contig_3199	FR823389.1	94.231	52	3	0	1811388	1811439	4003449	4003398	7.98e-10
contig_15005	0	93.5	contig_15005	LN714481.1	77.059	170	33	5	285370	285536	896281	896115	7.17e-15
contig_15005	0	93.5	contig_15005	FR823388.1	77.059	170	33	5	285370	285536	894242	894076	7.17e-15
contig_15005	0	93.5	contig_15005	NC_018393.1	77.059	170	33	5	285370	285536	894242	894076	7.17e-15
contig_2175	0	78.7	contig_2175	LN714482.1	95.833	48	2	0	6602616	6602663	4008214	4008261	3.90e-09
contig_2175	0	78.7	contig_2175	LN714486.1	95.833	48	2	0	6602616	6602663	3430323	3430370	3.90e-09
contig_2175	0	78.7	contig_2175	LN714494.1	95.833	48	2	0	6602616	6602663	2857653	2857606	3.90e-09
contig_2175	0	78.7	contig_2175	LN714501.1	95.833	48	2	0	6602616	6602663	3733758	3733805	3.90e-09
contig_2175	0	78.7	contig_2175	FR823389.1	95.833	48	2	0	6602616	6602663	4003405	4003452	3.90e-09
contig_5169	0	95.3	contig_5169	LN714481.1	85.870	92	9	3	1935732	1935822	990642	990730	1.33e-14
contig_5169	0	95.3	contig_5169	FR823388.1	85.870	92	9	3	1935732	1935822	987424	987512	1.33e-14
contig_5169	0	95.3	contig_5169	NC_018393.1	85.870	92	9	3	1935732	1935822	987424	987512	1.33e-14
contig_5169	0	91.6	contig_5169	LN714476.1	86.905	84	8	2	1935731	1935814	1170380	1170300	1.72e-13
contig_5169	0	91.6	contig_5169	FR823382.1	86.905	84	8	2	1935731	1935814	1166801	1166721	1.72e-13
contig_5106	0	82.4	contig_5106	NC_027206.1	87.500	72	8	1	2217520	2217591	512231	512161	1.39e-10
contig_5106	0	82.4	contig_5106	FO082872.1	87.500	72	8	1	2217520	2217591	512231	512161	1.39e-10
contig_5106	0	78.7	contig_5106	LN714477.1	95.833	48	2	0	2445162	2445209	850400	850447	1.80e-09
contig_5106	0	78.7	contig_5106	LN714483.1	88.060	67	6	2	2217521	2217586	5360394	5360329	1.80e-09
contig_5106	0	78.7	contig_5106	LN714486.1	95.833	48	2	0	2445162	2445209	4341001	4341048	1.80e-09
contig_6916	0	433	contig_6916	NC_027207.2	84.257	451	63	6	25812	26258	619080	618634	3.55e-117
contig_6916	0	433	contig_6916	LN871598.1	84.257	451	63	6	25812	26258	619080	618634	3.55e-117
contig_6916	0	431	contig_6916	NC_025260.1	82.376	505	80	7	25759	26258	901668	902168	1.28e-116
contig_6916	0	431	contig_6916	NC_025262.1	82.470	502	79	7	25762	26258	237883	237386	1.28e-116
contig_6916	0	431	contig_6916	AP011946.1	82.376	505	80	7	25759	26258	901668	902168	1.28e-116
contig_5445	0	91.6	contig_5445	LN714482.1	92.188	64	5	0	1028736	1028799	4008198	4008261	1.12e-13
contig_5445	0	91.6	contig_5445	LN714486.1	92.188	64	5	0	1028736	1028799	3430307	3430370	1.12e-13
contig_5445	0	91.6	contig_5445	LN714494.1	92.188	64	5	0	1028736	1028799	2857669	2857606	1.12e-13
contig_5445	0	91.6	contig_5445	LN714501.1	92.188	64	5	0	1028736	1028799	3733742	3733805	1.12e-13
contig_5445	0	91.6	contig_5445	FR823389.1	92.188	64	5	0	1028736	1028799	4003389	4003452	1.12e-13
contig_5079	0	110	contig_5079	LN714477.1	94.444	72	3	1	967696	967766	850376	850447	3.15e-19
contig_5079	0	110	contig_5079	LN714486.1	94.444	72	3	1	967696	967766	4340977	4341048	3.15e-19
contig_5079	0	110	contig_5079	LN714492.1	94.444	72	3	1	967696	967766	989608	989679	3.15e-19
contig_5079	0	110	contig_5079	FR823383.1	94.444	72	3	1	967696	967766	847992	848063	3.15e-19
contig_5079	0	110	contig_5079	FR823392.1	94.444	72	3	1	967696	967766	4337335	4337406	3.15e-19
contig_6405	0	71.3	contig_6405	LN714500.1	89.286	56	6	0	349216	349271	3980142	3980087	1.14e-07
contig_3003	0	110	contig_3003	LN714477.1	94.444	72	3	1	4542411	4542481	850376	850447	1.07e-18
contig_3003	0	110	contig_3003	LN714486.1	94.444	72	3	1	4542411	4542481	4340977	4341048	1.07e-18
contig_3003	0	110	contig_3003	LN714492.1	94.444	72	3	1	4542411	4542481	989608	989679	1.07e-18
contig_3003	0	110	contig_3003	FR823383.1	94.444	72	3	1	4542411	4542481	847992	848063	1.07e-18
contig_3003	0	110	contig_3003	FR823392.1	94.444	72	3	1	4542411	4542481	4337335	4337406	1.07e-18
contig_2629	0	538	contig_2629	NC_027207.2	84.888	536	78	3	1281	1815	619167	618634	1.00e-150
contig_2629	0	538	contig_2629	LN871598.1	84.888	536	78	3	1281	1815	619167	618634	1.00e-150
contig_2629	0	531	contig_2629	LN714474.1	90.268	411	33	5	1927	2337	973113	973516	1.67e-148
contig_2629	0	531	contig_2629	LN714484.1	90.268	411	33	5	1927	2337	4173827	4173424	1.67e-148
contig_2629	0	531	contig_2629	LN714499.1	90.268	411	33	5	1927	2337	5118141	5118544	1.67e-148
contig_1280	0	647	contig_1280	NC_027207.2	79.914	926	151	33	73	979	615172	614263	0.0
contig_1280	0	647	contig_1280	LN871598.1	79.914	926	151	33	73	979	615172	614263	0.0
contig_1280	0	641	contig_1280	NC_025260.1	79.762	924	155	26	73	978	907217	908126	0.0
contig_1280	0	641	contig_1280	NC_025262.1	79.762	924	155	26	73	978	232341	231432	0.0
contig_1280	0	641	contig_1280	AP011946.1	79.762	924	155	26	73	978	907217	908126	0.0
contig_5540	0	204	contig_5540	LN714474.1	89.937	159	15	1	523	681	973516	973359	1.16e-50
contig_5540	0	204	contig_5540	LN714484.1	89.937	159	15	1	523	681	4173424	4173581	1.16e-50
contig_5540	0	204	contig_5540	LN714499.1	89.937	159	15	1	523	681	5118544	5118387	1.16e-50
contig_5540	0	204	contig_5540	FR823380.1	89.937	159	15	1	523	681	972493	972336	1.16e-50
contig_5540	0	204	contig_5540	NC_018385.1	89.937	159	15	1	523	681	972493	972336	1.16e-50
contig_1420	0	110	contig_1420	LN714477.1	94.444	72	3	1	425536	425606	850376	850447	4.04e-19
contig_1420	0	110	contig_1420	LN714486.1	94.444	72	3	1	425536	425606	4340977	4341048	4.04e-19
contig_1420	0	110	contig_1420	LN714492.1	94.444	72	3	1	425536	425606	989608	989679	4.04e-19
contig_1420	0	110	contig_1420	FR823383.1	94.444	72	3	1	425536	425606	847992	848063	4.04e-19
contig_1420	0	110	contig_1420	FR823392.1	94.444	72	3	1	425536	425606	4337335	4337406	4.04e-19
contig_6498	0	673	contig_6498	NC_027207.2	80.214	935	153	30	64	980	614263	615183	0.0
contig_6498	0	673	contig_6498	LN871598.1	80.214	935	153	30	64	980	614263	615183	0.0
contig_6498	0	665	contig_6498	NC_025260.1	80.064	933	157	23	65	980	908126	907206	0.0
contig_6498	0	665	contig_6498	NC_025262.1	80.064	933	157	23	65	980	231432	232352	0.0
contig_6498	0	665	contig_6498	AP011946.1	80.064	933	157	23	65	980	908126	907206	0.0
contig_6215	0	115	contig_6215	LN714477.1	91.765	85	4	3	913688	913770	850364	850447	7.91e-21
contig_6215	0	115	contig_6215	LN714486.1	91.765	85	4	3	913688	913770	4340965	4341048	7.91e-21
contig_6215	0	115	contig_6215	LN714492.1	91.765	85	4	3	913688	913770	989596	989679	7.91e-21
contig_6215	0	115	contig_6215	FR823383.1	91.765	85	4	3	913688	913770	847980	848063	7.91e-21
contig_6215	0	115	contig_6215	FR823392.1	91.765	85	4	3	913688	913770	4337323	4337406	7.91e-21
contig_7419	0	684	contig_7419	NC_027207.2	80.428	935	151	30	3778	4694	614263	615183	0.0
contig_7419	0	684	contig_7419	LN871598.1	80.428	935	151	30	3778	4694	614263	615183	0.0
contig_7419	0	676	contig_7419	NC_025260.1	80.279	933	155	23	14958	15873	908126	907206	0.0
contig_7419	0	676	contig_7419	NC_025262.1	80.279	933	155	23	3779	4694	231432	232352	0.0
contig_7419	0	676	contig_7419	AP011946.1	80.279	933	155	23	14958	15873	908126	907206	0.0
contig_2610	0	484	contig_2610	NC_027207.2	76.923	949	160	50	52	969	614263	615183	1.85e-133
contig_2610	0	484	contig_2610	LN871598.1	76.923	949	160	50	52	969	614263	615183	1.85e-133
contig_2610	0	473	contig_2610	NC_025260.1	76.638	946	167	47	53	969	908126	907206	4.01e-130
contig_2610	0	473	contig_2610	NC_025262.1	76.638	946	167	47	53	969	231432	232352	4.01e-130
contig_2610	0	473	contig_2610	AP011946.1	76.638	946	167	47	53	969	908126	907206	4.01e-130
contig_4941	0	110	contig_4941	LN714477.1	91.463	82	4	3	4311939	4312018	850367	850447	1.08e-18
contig_4941	0	110	contig_4941	LN714486.1	91.463	82	4	3	4311939	4312018	4340968	4341048	1.08e-18
contig_4941	0	110	contig_4941	LN714492.1	91.463	82	4	3	4311939	4312018	989599	989679	1.08e-18
contig_4941	0	110	contig_4941	FR823383.1	91.463	82	4	3	4311939	4312018	847983	848063	1.08e-18
contig_4941	0	110	contig_4941	FR823392.1	91.463	82	4	3	4311939	4312018	4337326	4337406	1.08e-18
contig_8051	0	684	contig_8051	NC_027207.2	80.428	935	151	30	2985	3901	614263	615183	0.0
contig_8051	0	684	contig_8051	LN871598.1	80.428	935	151	30	2985	3901	614263	615183	0.0
contig_8051	0	676	contig_8051	NC_025260.1	80.279	933	155	23	2986	3901	908126	907206	0.0
contig_8051	0	676	contig_8051	NC_025262.1	80.279	933	155	23	2986	3901	231432	232352	0.0
contig_8051	0	676	contig_8051	AP011946.1	80.279	933	155	23	2986	3901	908126	907206	0.0
contig_2194	0	113	contig_2194	LN714477.1	91.667	84	4	3	506297	506378	850365	850447	6.53e-20
contig_2194	0	113	contig_2194	LN714486.1	91.667	84	4	3	506297	506378	4340966	4341048	6.53e-20
contig_2194	0	113	contig_2194	LN714492.1	91.667	84	4	3	506297	506378	989597	989679	6.53e-20
contig_2194	0	113	contig_2194	FR823383.1	91.667	84	4	3	506297	506378	847981	848063	6.53e-20
contig_2194	0	113	contig_2194	FR823392.1	91.667	84	4	3	506297	506378	4337324	4337406	6.53e-20
contig_6850	0	167	contig_6850	LN714490.1	86.755	151	19	1	2788070	2788220	999118	999267	7.47e-36
contig_6850	0	91.6	contig_6850	LN714482.1	92.188	64	5	0	1341773	1341836	4008261	4008198	4.63e-13
contig_6850	0	91.6	contig_6850	LN714486.1	92.188	64	5	0	1341773	1341836	3430370	3430307	4.63e-13
contig_6850	0	91.6	contig_6850	LN714494.1	92.188	64	5	0	1341773	1341836	2857606	2857669	4.63e-13
contig_6850	0	91.6	contig_6850	LN714501.1	92.188	64	5	0	1341773	1341836	3733805	3733742	4.63e-13
contig_17880	0	62.1	contig_17880	NC_027207.2	100.000	33	0	0	57096	57128	619135	619167	4.27e-06
contig_17880	0	62.1	contig_17880	LN714484.1	100.000	33	0	0	57096	57128	4174429	4174461	4.27e-06
contig_17880	0	62.1	contig_17880	LN714488.1	100.000	33	0	0	57096	57128	1434360	1434328	4.27e-06
contig_17880	0	62.1	contig_17880	LN714499.1	100.000	33	0	0	57096	57128	5114506	5114474	4.27e-06
contig_17880	0	62.1	contig_17880	LN871598.1	100.000	33	0	0	57096	57128	619135	619167	4.27e-06
contig_4840	0	106	contig_4840	LN714477.1	90.361	83	5	3	433400	433480	850366	850447	1.72e-18
contig_4840	0	106	contig_4840	LN714486.1	90.361	83	5	3	433400	433480	4340967	4341048	1.72e-18
contig_4840	0	106	contig_4840	LN714492.1	90.361	83	5	3	433400	433480	989598	989679	1.72e-18
contig_4840	0	106	contig_4840	FR823383.1	90.361	83	5	3	433400	433480	847982	848063	1.72e-18
contig_4840	0	106	contig_4840	FR823392.1	90.361	83	5	3	433400	433480	4337325	4337406	1.72e-18
contig_1054	0	102	contig_1054	NC_027207.2	94.030	67	4	0	847968	848034	1146058	1145992	1.08e-16
contig_1054	0	102	contig_1054	LN871598.1	94.030	67	4	0	847968	848034	1146058	1145992	1.08e-16
contig_1054	0	100	contig_1054	LN714483.1	91.667	72	6	0	848631	848702	5125732	5125661	3.89e-16
contig_1054	0	100	contig_1054	LN714498.1	91.667	72	6	0	848631	848702	5358707	5358636	3.89e-16
contig_1054	0	100	contig_1054	FR823390.1	91.667	72	6	0	848631	848702	5119382	5119311	3.89e-16
contig_1808	0	111	contig_1808	LN714477.1	90.805	87	3	4	1062590	1062673	850447	850363	9.65e-20
contig_1808	0	111	contig_1808	LN714492.1	90.805	87	3	4	1062590	1062673	989679	989595	9.65e-20
contig_1808	0	111	contig_1808	FR823383.1	90.805	87	3	4	1062590	1062673	848063	847979	9.65e-20
contig_1808	0	111	contig_1808	NC_018388.1	90.805	87	3	4	1062590	1062673	848063	847979	9.65e-20
contig_1808	0	110	contig_1808	LN714486.1	90.698	86	3	4	1062590	1062672	4341048	4340965	3.47e-19
contig_18111	0	108	contig_18111	LN714477.1	90.476	84	5	3	57557	57638	850447	850365	4.96e-20
contig_18111	0	108	contig_18111	LN714486.1	90.476	84	5	3	57557	57638	4341048	4340966	4.96e-20
contig_18111	0	108	contig_18111	LN714492.1	90.476	84	5	3	57557	57638	989679	989597	4.96e-20
contig_18111	0	108	contig_18111	FR823383.1	90.476	84	5	3	57557	57638	848063	847981	4.96e-20
contig_18111	0	108	contig_18111	FR823392.1	90.476	84	5	3	57557	57638	4337406	4337324	4.96e-20
contig_1910	0	684	contig_1910	NC_027207.2	80.428	935	151	30	839	1755	615183	614263	0.0
contig_1910	0	684	contig_1910	LN871598.1	80.428	935	151	30	839	1755	615183	614263	0.0
contig_1910	0	676	contig_1910	NC_025260.1	80.279	933	155	23	839	1754	907206	908126	0.0
contig_1910	0	676	contig_1910	NC_025262.1	80.279	933	155	23	839	1754	232352	231432	0.0
contig_1910	0	676	contig_1910	AP011946.1	80.279	933	155	23	839	1754	907206	908126	0.0
contig_4384	0	110	contig_4384	LN714477.1	94.444	72	3	1	4036993	4037063	850376	850447	9.70e-19
contig_4384	0	110	contig_4384	LN714486.1	94.444	72	3	1	4036993	4037063	4340977	4341048	9.70e-19
contig_4384	0	110	contig_4384	LN714492.1	94.444	72	3	1	4036993	4037063	989608	989679	9.70e-19
contig_4384	0	110	contig_4384	FR823383.1	94.444	72	3	1	4036993	4037063	847992	848063	9.70e-19
contig_4384	0	110	contig_4384	FR823392.1	94.444	72	3	1	4036993	4037063	4337335	4337406	9.70e-19
contig_4399	0	187	contig_4399	NC_027207.2	82.710	214	34	3	254323	254535	618956	619167	2.44e-42
contig_4399	0	187	contig_4399	LN871598.1	82.710	214	34	3	254323	254535	618956	619167	2.44e-42
contig_4399	0	178	contig_4399	LN714484.1	81.776	214	37	2	254323	254535	4174249	4174461	1.47e-39
contig_4399	0	178	contig_4399	LN714499.1	81.776	214	37	2	254323	254535	5114686	5114474	1.47e-39
contig_4399	0	178	contig_4399	NC_025260.1	82.028	217	31	7	254323	254535	901846	901634	1.47e-39
contig_2112	0	538	contig_2112	NC_027207.2	84.888	536	78	3	2259	2793	619167	618634	8.55e-151
contig_2112	0	538	contig_2112	LN871598.1	84.888	536	78	3	2259	2793	619167	618634	8.55e-151
contig_2112	0	529	contig_2112	NC_025260.1	84.544	537	79	4	2259	2793	901634	902168	5.14e-148
contig_2112	0	529	contig_2112	NC_025262.1	84.544	537	79	4	2259	2793	237920	237386	5.14e-148
contig_2112	0	529	contig_2112	AP011946.1	84.544	537	79	4	2259	2793	901634	902168	5.14e-148
contig_600	0	110	contig_600	LN714477.1	91.463	82	4	3	6844215	6844294	850447	850367	1.53e-18
contig_600	0	110	contig_600	LN714486.1	91.463	82	4	3	6844215	6844294	4341048	4340968	1.53e-18
contig_600	0	110	contig_600	LN714492.1	91.463	82	4	3	6844215	6844294	989679	989599	1.53e-18
contig_600	0	110	contig_600	FR823383.1	91.463	82	4	3	6844215	6844294	848063	847983	1.53e-18
contig_600	0	110	contig_600	FR823392.1	91.463	82	4	3	6844215	6844294	4337406	4337326	1.53e-18
contig_5070	0	100	contig_5070	NC_027207.2	79.856	139	26	2	331415	331551	616989	616851	1.66e-16
contig_5070	0	100	contig_5070	NC_025260.1	80.451	133	24	2	331415	331545	903829	903961	1.66e-16
contig_5070	0	100	contig_5070	NC_025262.1	79.720	143	25	3	331415	331553	235725	235583	1.66e-16
contig_5070	0	100	contig_5070	LN871598.1	79.856	139	26	2	331415	331551	616989	616851	1.66e-16
contig_5070	0	100	contig_5070	AP011946.1	80.451	133	24	2	331415	331545	903829	903961	1.66e-16
contig_4023	0	124	contig_4023	LN714492.1	91.398	93	5	3	3417247	3417336	989587	989679	2.69e-23
contig_4023	0	117	contig_4023	LN714477.1	91.765	85	5	2	3417254	3417336	850363	850447	4.50e-21
contig_4023	0	117	contig_4023	FR823383.1	91.765	85	5	2	3417254	3417336	847979	848063	4.50e-21
contig_4023	0	117	contig_4023	NC_018388.1	91.765	85	5	2	3417254	3417336	847979	848063	4.50e-21
contig_4023	0	115	contig_4023	LN714486.1	91.667	84	5	2	3417255	3417336	4340965	4341048	1.62e-20
contig_2394	0	104	contig_2394	NC_027207.2	91.026	78	6	1	587348	587425	1147018	1147094	7.63e-18
contig_2394	0	104	contig_2394	LN871598.1	91.026	78	6	1	587348	587425	1147018	1147094	7.63e-18
contig_2394	0	99.0	contig_2394	LN714483.1	90.541	74	7	0	587347	587420	5368008	5368081	3.55e-16
contig_2394	0	99.0	contig_2394	LN714487.1	92.754	69	4	1	587357	587424	124251	124183	3.55e-16
contig_2394	0	99.0	contig_2394	FR823390.1	90.541	74	7	0	587347	587420	5361657	5361730	3.55e-16
contig_4265	0	80.5	contig_4265	LN714477.1	97.826	46	1	0	1088551	1088596	850402	850447	3.38e-10
contig_4265	0	80.5	contig_4265	LN714486.1	97.826	46	1	0	1088551	1088596	4341003	4341048	3.38e-10
contig_4265	0	80.5	contig_4265	LN714492.1	97.826	46	1	0	1088551	1088596	989634	989679	3.38e-10
contig_4265	0	80.5	contig_4265	FR823383.1	97.826	46	1	0	1088551	1088596	848018	848063	3.38e-10
contig_4265	0	80.5	contig_4265	FR823392.1	97.826	46	1	0	1088551	1088596	4337361	4337406	3.38e-10
contig_2411	0	470	contig_2411	NC_027207.2	83.205	518	81	5	1	516	618654	619167	2.07e-130
contig_2411	0	470	contig_2411	LN871598.1	83.205	518	81	5	1	516	618654	619167	2.07e-130
contig_2411	0	459	contig_2411	NC_025260.1	82.852	519	82	6	1	516	902148	901634	4.48e-127
contig_2411	0	459	contig_2411	NC_025262.1	82.852	519	82	6	1	516	237406	237920	4.48e-127
contig_2411	0	459	contig_2411	AP011946.1	82.852	519	82	6	1	516	902148	901634	4.48e-127
contig_6951	0	104	contig_6951	LN714477.1	93.056	72	4	1	106036	106106	850447	850376	3.53e-18
contig_6951	0	104	contig_6951	LN714486.1	93.056	72	4	1	106036	106106	4341048	4340977	3.53e-18
contig_6951	0	104	contig_6951	LN714492.1	93.056	72	4	1	106036	106106	989679	989608	3.53e-18
contig_6951	0	104	contig_6951	FR823383.1	93.056	72	4	1	106036	106106	848063	847992	3.53e-18
contig_6951	0	104	contig_6951	FR823392.1	93.056	72	4	1	106036	106106	4337406	4337335	3.53e-18
contig_3658	0	119	contig_3658	LN714492.1	91.954	87	4	3	1129934	1130018	989594	989679	1.80e-21
contig_3658	0	117	contig_3658	LN714477.1	91.860	86	4	3	1129935	1130018	850363	850447	6.49e-21
contig_3658	0	117	contig_3658	FR823383.1	91.860	86	4	3	1129935	1130018	847979	848063	6.49e-21
contig_3658	0	117	contig_3658	NC_018388.1	91.860	86	4	3	1129935	1130018	847979	848063	6.49e-21
contig_3658	0	115	contig_3658	LN714486.1	91.765	85	4	3	1129936	1130018	4340965	4341048	2.33e-20
contig_5442	0	110	contig_5442	LN714477.1	94.444	72	3	1	856015	856085	850447	850376	1.95e-19
contig_5442	0	110	contig_5442	LN714486.1	94.444	72	3	1	856015	856085	4341048	4340977	1.95e-19
contig_5442	0	110	contig_5442	LN714492.1	94.444	72	3	1	856015	856085	989679	989608	1.95e-19
contig_5442	0	110	contig_5442	FR823383.1	94.444	72	3	1	856015	856085	848063	847992	1.95e-19
contig_5442	0	110	contig_5442	FR823392.1	94.444	72	3	1	856015	856085	4337406	4337335	1.95e-19
contig_1745	0	113	contig_1745	LN714477.1	91.667	84	4	3	941462	941543	850365	850447	1.75e-20
contig_1745	0	113	contig_1745	LN714486.1	91.667	84	4	3	941462	941543	4340966	4341048	1.75e-20
contig_1745	0	113	contig_1745	LN714492.1	91.667	84	4	3	941462	941543	989597	989679	1.75e-20
contig_1745	0	113	contig_1745	FR823383.1	91.667	84	4	3	941462	941543	847981	848063	1.75e-20
contig_1745	0	113	contig_1745	FR823392.1	91.667	84	4	3	941462	941543	4337324	4337406	1.75e-20
contig_5216	0	113	contig_5216	LN714477.1	91.667	84	4	3	585381	585462	850365	850447	3.59e-20
contig_5216	0	113	contig_5216	LN714486.1	91.667	84	4	3	585381	585462	4340966	4341048	3.59e-20
contig_5216	0	113	contig_5216	LN714492.1	91.667	84	4	3	585381	585462	989597	989679	3.59e-20
contig_5216	0	113	contig_5216	FR823383.1	91.667	84	4	3	585381	585462	847981	848063	3.59e-20
contig_5216	0	113	contig_5216	FR823392.1	91.667	84	4	3	585381	585462	4337324	4337406	3.59e-20
contig_5126	0	117	contig_5126	LN714492.1	90.217	92	5	4	3460888	3460976	989589	989679	4.37e-21
contig_5126	0	111	contig_5126	LN714477.1	90.698	86	5	3	3460893	3460976	850363	850447	2.03e-19
contig_5126	0	111	contig_5126	FR823383.1	90.698	86	5	3	3460893	3460976	847979	848063	2.03e-19
contig_5126	0	111	contig_5126	NC_018388.1	90.698	86	5	3	3460893	3460976	847979	848063	2.03e-19
contig_5126	0	110	contig_5126	LN714486.1	90.588	85	5	3	3460894	3460976	4340965	4341048	7.32e-19
contig_945	0	281	contig_945	LN714490.1	78.947	418	85	3	3709542	3709958	998852	999267	2.67e-70
contig_5695	0	113	contig_5695	LN714477.1	91.667	84	4	3	1594714	1594795	850447	850365	8.74e-20
contig_5695	0	113	contig_5695	LN714486.1	91.667	84	4	3	1594714	1594795	4341048	4340966	8.74e-20
contig_5695	0	113	contig_5695	LN714492.1	91.667	84	4	3	1594714	1594795	989679	989597	8.74e-20
contig_5695	0	113	contig_5695	FR823383.1	91.667	84	4	3	1594714	1594795	848063	847981	8.74e-20
contig_5695	0	113	contig_5695	FR823392.1	91.667	84	4	3	1594714	1594795	4337406	4337324	8.74e-20
contig_1666	0	69.4	contig_1666	LN714477.1	100.000	37	0	0	1719071	1719107	850447	850411	9.17e-07
contig_1666	0	69.4	contig_1666	LN714486.1	100.000	37	0	0	1719071	1719107	4341048	4341012	9.17e-07
contig_1666	0	69.4	contig_1666	LN714492.1	100.000	37	0	0	1719071	1719107	989679	989643	9.17e-07
contig_1666	0	69.4	contig_1666	FR823383.1	100.000	37	0	0	1719071	1719107	848063	848027	9.17e-07
contig_1666	0	69.4	contig_1666	FR823392.1	100.000	37	0	0	1719071	1719107	4337406	4337370	9.17e-07
contig_13286	0	104	contig_13286	NC_027207.2	93.056	72	4	1	202546	202617	1145988	1146058	3.77e-18
contig_13286	0	104	contig_13286	LN871598.1	93.056	72	4	1	202546	202617	1145988	1146058	3.77e-18
contig_13286	0	99.0	contig_13286	LN714482.1	91.667	72	5	1	202544	202614	2482904	2482975	1.75e-16
contig_13286	0	99.0	contig_13286	LN714500.1	92.754	69	4	1	202547	202614	2585186	2585254	1.75e-16
contig_13286	0	99.0	contig_13286	NC_025260.1	96.610	59	2	0	202559	202617	2701333	2701275	1.75e-16
contig_3182	0	108	contig_3182	LN714477.1	90.476	84	5	3	1424124	1424205	850365	850447	2.14e-18
contig_3182	0	108	contig_3182	LN714486.1	90.476	84	5	3	1424124	1424205	4340966	4341048	2.14e-18
contig_3182	0	108	contig_3182	LN714492.1	90.476	84	5	3	1424124	1424205	989597	989679	2.14e-18
contig_3182	0	108	contig_3182	FR823383.1	90.476	84	5	3	1424124	1424205	847981	848063	2.14e-18
contig_3182	0	108	contig_3182	FR823392.1	90.476	84	5	3	1424124	1424205	4337324	4337406	2.14e-18
contig_17828	0	538	contig_17828	NC_027207.2	84.888	536	78	3	121267	121801	619167	618634	2.84e-149
contig_17828	0	538	contig_17828	LN871598.1	84.888	536	78	3	121267	121801	619167	618634	2.84e-149
contig_17828	0	531	contig_17828	LN714474.1	90.268	411	33	5	121913	122323	973113	973516	4.76e-147
contig_17828	0	531	contig_17828	LN714484.1	90.268	411	33	5	121913	122323	4173827	4173424	4.76e-147
contig_17828	0	531	contig_17828	LN714499.1	90.268	411	33	5	121913	122323	5118141	5118544	4.76e-147
contig_986	0	119	contig_986	LN714492.1	91.954	87	4	3	418413	418496	989593	989679	1.57e-21
contig_986	0	117	contig_986	LN714477.1	91.765	85	5	2	418414	418496	850363	850447	5.65e-21
contig_986	0	117	contig_986	FR823383.1	91.765	85	5	2	418414	418496	847979	848063	5.65e-21
contig_986	0	117	contig_986	NC_018388.1	91.765	85	5	2	418414	418496	847979	848063	5.65e-21
contig_986	0	115	contig_986	LN714486.1	91.667	84	5	2	418415	418496	4340965	4341048	2.03e-20
contig_4201	0	86.1	contig_4201	NC_034969.1	96.154	52	2	0	3206	3257	1763195	1763246	1.59e-12
contig_4201	0	86.1	contig_4201	LN714477.1	96.154	52	2	0	3206	3257	850395	850446	1.59e-12
contig_4201	0	86.1	contig_4201	LN714486.1	96.154	52	2	0	3206	3257	4340996	4341047	1.59e-12
contig_4201	0	86.1	contig_4201	LN714492.1	96.154	52	2	0	3206	3257	989627	989678	1.59e-12
contig_4201	0	86.1	contig_4201	NC_025261.1	96.154	52	2	0	3206	3257	927057	927108	1.59e-12
contig_4978	0	89.8	contig_4978	NC_027207.2	94.737	57	3	0	1399626	1399682	615321	615265	4.87e-13
contig_4978	0	89.8	contig_4978	NC_025260.1	96.296	54	2	0	1399626	1399679	907071	907124	4.87e-13
contig_4978	0	89.8	contig_4978	NC_025262.1	94.737	57	3	0	1399626	1399682	232487	232431	4.87e-13
contig_4978	0	89.8	contig_4978	LN871598.1	94.737	57	3	0	1399626	1399682	615321	615265	4.87e-13
contig_4978	0	89.8	contig_4978	AP011946.1	96.296	54	2	0	1399626	1399679	907071	907124	4.87e-13
contig_3130	0	121	contig_3130	LN714492.1	92.045	88	4	3	2324619	2324704	989593	989679	3.09e-22
contig_3130	0	117	contig_3130	LN714477.1	91.860	86	4	3	2324621	2324704	850363	850447	4.00e-21
contig_3130	0	117	contig_3130	FR823383.1	91.860	86	4	3	2324621	2324704	847979	848063	4.00e-21
contig_3130	0	117	contig_3130	NC_018388.1	91.860	86	4	3	2324621	2324704	847979	848063	4.00e-21
contig_3130	0	115	contig_3130	LN714486.1	91.765	85	4	3	2324622	2324704	4340965	4341048	1.44e-20
contig_2191	0	87.9	contig_2191	LN714477.1	92.188	64	1	3	26226	26285	850447	850384	1.29e-12
contig_2191	0	87.9	contig_2191	LN714486.1	92.188	64	1	3	26226	26285	4341048	4340985	1.29e-12
contig_2191	0	87.9	contig_2191	LN714492.1	92.188	64	1	3	26226	26285	989679	989616	1.29e-12
contig_2191	0	87.9	contig_2191	FR823383.1	92.188	64	1	3	26226	26285	848063	848000	1.29e-12
contig_2191	0	87.9	contig_2191	FR823392.1	92.188	64	1	3	26226	26285	4337406	4337343	1.29e-12
contig_2652	0	104	contig_2652	LN714477.1	93.056	72	4	1	4827654	4827724	850447	850376	5.96e-17
contig_2652	0	104	contig_2652	LN714486.1	93.056	72	4	1	4827654	4827724	4341048	4340977	5.96e-17
contig_2652	0	104	contig_2652	LN714492.1	93.056	72	4	1	4827654	4827724	989679	989608	5.96e-17
contig_2652	0	104	contig_2652	FR823383.1	93.056	72	4	1	4827654	4827724	848063	847992	5.96e-17
contig_2652	0	104	contig_2652	FR823392.1	93.056	72	4	1	4827654	4827724	4337406	4337335	5.96e-17
contig_3181	0	93.5	contig_3181	NC_034969.1	96.429	56	2	0	10450210	10450265	1070620	1070675	2.74e-13
contig_3181	0	93.5	contig_3181	LN871599.1	96.429	56	2	0	10450210	10450265	1070620	1070675	2.74e-13
contig_3181	0	89.8	contig_3181	LN714502.1	90.141	71	3	3	10450197	10450265	6766993	6766925	3.55e-12
contig_3181	0	87.9	contig_3181	LN714477.1	94.643	56	3	0	10451453	10451508	541130	541075	1.28e-11
contig_3181	0	87.9	contig_3181	LN714487.1	94.643	56	3	0	10451453	10451508	6291825	6291770	1.28e-11
contig_3632	0	111	contig_3632	LN714477.1	91.566	83	4	3	1696305	1696385	850447	850366	1.12e-19
contig_3632	0	111	contig_3632	LN714486.1	91.566	83	4	3	1696305	1696385	4341048	4340967	1.12e-19
contig_3632	0	111	contig_3632	LN714492.1	91.566	83	4	3	1696305	1696385	989679	989598	1.12e-19
contig_3632	0	111	contig_3632	FR823383.1	91.566	83	4	3	1696305	1696385	848063	847982	1.12e-19
contig_3632	0	111	contig_3632	FR823392.1	91.566	83	4	3	1696305	1696385	4337406	4337325	1.12e-19
contig_5775	0	111	contig_5775	LN714477.1	91.566	83	4	3	177189	177269	850446	850365	1.02e-20
contig_5775	0	111	contig_5775	LN714486.1	91.566	83	4	3	177189	177269	4341047	4340966	1.02e-20
contig_5775	0	111	contig_5775	LN714492.1	91.566	83	4	3	177189	177269	989678	989597	1.02e-20
contig_5775	0	111	contig_5775	FR823383.1	91.566	83	4	3	177189	177269	848062	847981	1.02e-20
contig_5775	0	111	contig_5775	FR823392.1	91.566	83	4	3	177189	177269	4337405	4337324	1.02e-20
contig_1559	0	409	contig_1559	NC_025260.1	80.847	543	84	16	101	632	903428	903961	5.46e-112
contig_1559	0	409	contig_1559	NC_025262.1	80.847	543	84	16	101	632	236126	235593	5.46e-112
contig_1559	0	409	contig_1559	AP011946.1	80.847	543	84	16	101	632	903428	903961	5.46e-112
contig_1559	0	409	contig_1559	AP011948.1	80.847	543	84	16	101	632	236126	235593	5.46e-112
contig_1559	0	377	contig_1559	NC_027207.2	80.072	552	75	18	96	637	617379	616853	1.54e-102
contig_1789	0	100	contig_1789	LN714477.1	89.157	83	6	3	2966968	2967048	850366	850447	3.96e-16
contig_1789	0	100	contig_1789	LN714486.1	89.157	83	6	3	2966968	2967048	4340967	4341048	3.96e-16
contig_1789	0	100	contig_1789	LN714492.1	89.157	83	6	3	2966968	2967048	989598	989679	3.96e-16
contig_1789	0	100	contig_1789	FR823383.1	89.157	83	6	3	2966968	2967048	847982	848063	3.96e-16
contig_1789	0	100	contig_1789	FR823392.1	89.157	83	6	3	2966968	2967048	4337325	4337406	3.96e-16
contig_17961	0	106	contig_17961	LN714477.1	90.361	83	4	4	53707	53786	850447	850366	2.37e-19
contig_17961	0	106	contig_17961	LN714486.1	90.361	83	4	4	53707	53786	4341048	4340967	2.37e-19
contig_17961	0	106	contig_17961	LN714492.1	90.361	83	4	4	53707	53786	989679	989598	2.37e-19
contig_17961	0	106	contig_17961	FR823383.1	90.361	83	4	4	53707	53786	848063	847982	2.37e-19
contig_17961	0	106	contig_17961	FR823392.1	90.361	83	4	4	53707	53786	4337406	4337325	2.37e-19
contig_222	0	350	contig_222	NC_025260.1	80.819	464	73	14	1	456	903883	903428	1.04e-94
contig_222	0	350	contig_222	NC_025262.1	80.819	464	73	14	1	456	235671	236126	1.04e-94
contig_222	0	350	contig_222	AP011946.1	80.819	464	73	14	1	456	903883	903428	1.04e-94
contig_222	0	350	contig_222	AP011948.1	80.819	464	73	14	1	456	235671	236126	1.04e-94
contig_222	0	311	contig_222	NC_027207.2	79.744	469	63	17	1	461	616935	617379	4.89e-83
contig_1321	0	368	contig_1321	LN714500.1	74.345	916	211	21	357587	358490	3979358	3978455	3.06e-97
contig_1321	0	106	contig_1321	LN714485.1	87.778	90	11	0	358488	358577	3727543	3727454	2.65e-18
contig_1321	0	106	contig_1321	FR823391.1	87.778	90	11	0	358488	358577	3725667	3725578	2.65e-18
contig_1321	0	106	contig_1321	NC_018396.1	87.778	90	11	0	358488	358577	3725667	3725578	2.65e-18
contig_3025	0	117	contig_3025	LN714477.1	90.909	88	6	2	3263097	3263182	850360	850447	7.23e-21
contig_3025	0	117	contig_3025	LN714486.1	91.860	86	4	3	3263099	3263182	4340964	4341048	7.23e-21
contig_3025	0	117	contig_3025	FR823383.1	90.909	88	6	2	3263097	3263182	847976	848063	7.23e-21
contig_3025	0	117	contig_3025	FR823392.1	91.860	86	4	3	3263099	3263182	4337322	4337406	7.23e-21
contig_3025	0	117	contig_3025	NC_018397.1	91.860	86	4	3	3263099	3263182	4337322	4337406	7.23e-21
contig_152	0	113	contig_152	LN714477.1	91.667	84	4	3	83768	83849	850447	850365	2.65e-20
contig_152	0	113	contig_152	LN714486.1	91.667	84	4	3	83768	83849	4341048	4340966	2.65e-20
contig_152	0	113	contig_152	LN714492.1	91.667	84	4	3	83768	83849	989679	989597	2.65e-20
contig_152	0	113	contig_152	FR823383.1	91.667	84	4	3	83768	83849	848063	847981	2.65e-20
contig_152	0	113	contig_152	FR823392.1	91.667	84	4	3	83768	83849	4337406	4337324	2.65e-20
contig_4212	0	104	contig_4212	LN714477.1	93.056	72	4	1	231053	231123	850447	850376	9.03e-18
contig_4212	0	104	contig_4212	LN714486.1	93.056	72	4	1	231053	231123	4341048	4340977	9.03e-18
contig_4212	0	104	contig_4212	LN714492.1	93.056	72	4	1	231053	231123	989679	989608	9.03e-18
contig_4212	0	104	contig_4212	FR823383.1	93.056	72	4	1	231053	231123	848063	847992	9.03e-18
contig_4212	0	104	contig_4212	FR823392.1	93.056	72	4	1	231053	231123	4337406	4337335	9.03e-18
contig_3049	0	538	contig_3049	NC_027207.2	84.888	536	78	3	2823	3357	619167	618634	7.60e-151
contig_3049	0	538	contig_3049	LN871598.1	84.888	536	78	3	2823	3357	619167	618634	7.60e-151
contig_3049	0	529	contig_3049	NC_025260.1	84.544	537	79	4	2823	3357	901634	902168	4.57e-148
contig_3049	0	529	contig_3049	NC_025262.1	84.544	537	79	4	2823	3357	237920	237386	4.57e-148
contig_3049	0	529	contig_3049	AP011946.1	84.544	537	79	4	2823	3357	901634	902168	4.57e-148
contig_3546	0	514	contig_3546	NC_027207.2	83.759	548	83	6	755	1298	618622	619167	7.22e-144
contig_3546	0	514	contig_3546	LN871598.1	83.759	548	83	6	755	1298	618622	619167	7.22e-144
contig_3546	0	508	contig_3546	NC_025260.1	83.985	537	79	7	767	1298	902168	901634	3.36e-142
contig_3546	0	508	contig_3546	NC_025262.1	83.514	552	84	7	752	1298	237371	237920	3.36e-142
contig_3546	0	508	contig_3546	AP011946.1	83.985	537	79	7	767	1298	902168	901634	3.36e-142
contig_4157	0	106	contig_4157	LN714477.1	90.361	83	5	3	464423	464503	850365	850446	2.35e-18
contig_4157	0	106	contig_4157	LN714486.1	90.361	83	5	3	464423	464503	4340966	4341047	2.35e-18
contig_4157	0	106	contig_4157	LN714492.1	90.361	83	5	3	464423	464503	989597	989678	2.35e-18
contig_4157	0	106	contig_4157	FR823383.1	90.361	83	5	3	464423	464503	847981	848062	2.35e-18
contig_4157	0	106	contig_4157	FR823392.1	90.361	83	5	3	464423	464503	4337324	4337405	2.35e-18
contig_7220	0	86.1	contig_7220	LN714492.1	88.000	75	6	3	49741	49813	989594	989667	3.06e-13
contig_7220	0	84.2	contig_7220	LN714477.1	87.838	74	6	3	49742	49813	850363	850435	1.10e-12
contig_7220	0	84.2	contig_7220	LN714486.1	100.000	45	0	0	49769	49813	4340992	4341036	1.10e-12
contig_7220	0	84.2	contig_7220	FR823383.1	87.838	74	6	3	49742	49813	847979	848051	1.10e-12
contig_7220	0	84.2	contig_7220	FR823392.1	100.000	45	0	0	49769	49813	4337350	4337394	1.10e-12
contig_6667	0	361	contig_6667	NC_027207.2	77.795	653	99	38	1190	1836	613557	614169	1.57e-97
contig_6667	0	361	contig_6667	LN871598.1	77.795	653	99	38	1190	1836	613557	614169	1.57e-97
contig_6667	0	344	contig_6667	NC_025260.1	77.356	658	100	36	1190	1839	908820	908204	1.58e-92
contig_6667	0	344	contig_6667	NC_025262.1	77.405	655	99	36	1190	1836	230738	231351	1.58e-92
contig_6667	0	344	contig_6667	AP011946.1	77.356	658	100	36	1190	1839	908820	908204	1.58e-92
contig_11559	0	104	contig_11559	LN714477.1	94.203	69	3	1	785334	785401	850379	850447	1.10e-17
contig_11559	0	104	contig_11559	LN714486.1	94.203	69	3	1	785334	785401	4340980	4341048	1.10e-17
contig_11559	0	104	contig_11559	LN714492.1	94.203	69	3	1	785334	785401	989611	989679	1.10e-17
contig_11559	0	104	contig_11559	FR823383.1	94.203	69	3	1	785334	785401	847995	848063	1.10e-17
contig_11559	0	104	contig_11559	FR823392.1	94.203	69	3	1	785334	785401	4337338	4337406	1.10e-17
contig_7259	0	91.6	contig_7259	LN714482.1	92.188	64	5	0	9936	9999	4008261	4008198	1.59e-15
contig_7259	0	91.6	contig_7259	LN714486.1	92.188	64	5	0	9936	9999	3430370	3430307	1.59e-15
contig_7259	0	91.6	contig_7259	LN714494.1	92.188	64	5	0	9936	9999	2857606	2857669	1.59e-15
contig_7259	0	91.6	contig_7259	LN714501.1	92.188	64	5	0	9936	9999	3733805	3733742	1.59e-15
contig_7259	0	91.6	contig_7259	FR823389.1	92.188	64	5	0	9936	9999	4003452	4003389	1.59e-15
contig_7630	0	375	contig_7630	NC_027207.2	86.589	343	43	3	26921	27262	618740	619080	1.43e-99
contig_7630	0	375	contig_7630	LN871598.1	86.589	343	43	3	26921	27262	618740	619080	1.43e-99
contig_7630	0	372	contig_7630	LN714484.1	87.048	332	39	4	26921	27250	4174033	4174362	1.85e-98
contig_7630	0	372	contig_7630	LN714499.1	87.048	332	39	4	26921	27250	5114902	5114573	1.85e-98
contig_7630	0	357	contig_7630	NC_025260.1	83.461	393	55	8	26925	27312	902058	901671	5.17e-94
contig_4123	0	167	contig_4123	LN714484.1	81.340	209	36	3	3808215	3808422	2913812	2913606	4.98e-36
contig_4123	0	167	contig_4123	FR823385.1	81.340	209	36	3	3808215	3808422	2907531	2907325	4.98e-36
contig_4123	0	167	contig_4123	NC_018390.1	81.340	209	36	3	3808215	3808422	2907531	2907325	4.98e-36
contig_4123	0	156	contig_4123	LN714499.1	80.095	211	41	1	3808443	3808653	3572265	3572056	1.08e-32
contig_4123	0	110	contig_4123	NC_027206.1	72.376	362	94	6	2348054	2348412	694962	694604	8.52e-19
contig_4017	0	65.8	contig_4017	LN714477.1	100.000	35	0	0	285993	286027	850447	850413	5.01e-06
contig_4017	0	65.8	contig_4017	LN714486.1	100.000	35	0	0	285993	286027	4341048	4341014	5.01e-06
contig_4017	0	65.8	contig_4017	LN714492.1	100.000	35	0	0	285993	286027	989679	989645	5.01e-06
contig_4017	0	65.8	contig_4017	FR823383.1	100.000	35	0	0	285993	286027	848063	848029	5.01e-06
contig_4017	0	65.8	contig_4017	FR823392.1	100.000	35	0	0	285993	286027	4337406	4337372	5.01e-06
contig_8711	0	76.8	contig_8711	LN714477.1	92.453	53	4	0	123316	123368	850395	850447	2.69e-10
contig_8711	0	76.8	contig_8711	LN714486.1	92.453	53	4	0	123316	123368	4340996	4341048	2.69e-10
contig_8711	0	76.8	contig_8711	LN714492.1	92.453	53	4	0	123316	123368	989627	989679	2.69e-10
contig_8711	0	76.8	contig_8711	FR823383.1	92.453	53	4	0	123316	123368	848011	848063	2.69e-10
contig_8711	0	76.8	contig_8711	FR823392.1	92.453	53	4	0	123316	123368	4337354	4337406	2.69e-10
contig_408	0	84.2	contig_408	NC_027206.1	86.076	79	9	2	431701	431778	512158	512235	9.68e-12
contig_408	0	84.2	contig_408	FO082872.1	86.076	79	9	2	431701	431778	512158	512235	9.68e-12
contig_408	0	78.7	contig_408	LN714483.1	86.486	74	7	3	431709	431781	5360329	5360400	4.50e-10
contig_408	0	78.7	contig_408	LN714498.1	88.060	67	6	2	431709	431774	5594348	5594413	4.50e-10
contig_408	0	78.7	contig_408	FR823390.1	86.486	74	7	3	431709	431781	5353978	5354049	4.50e-10
contig_272	0	104	contig_272	LN714477.1	93.151	73	2	2	1012501	1012571	850376	850447	4.83e-17
contig_272	0	104	contig_272	LN714486.1	93.151	73	2	2	1012501	1012571	4340977	4341048	4.83e-17
contig_272	0	104	contig_272	LN714492.1	93.151	73	2	2	1012501	1012571	989608	989679	4.83e-17
contig_272	0	104	contig_272	FR823383.1	93.151	73	2	2	1012501	1012571	847992	848063	4.83e-17
contig_272	0	104	contig_272	FR823392.1	93.151	73	2	2	1012501	1012571	4337335	4337406	4.83e-17
contig_2296	0	110	contig_2296	LN714477.1	91.463	82	4	3	7969559	7969638	850367	850447	1.71e-18
contig_2296	0	110	contig_2296	LN714486.1	91.463	82	4	3	7969559	7969638	4340968	4341048	1.71e-18
contig_2296	0	110	contig_2296	LN714492.1	91.463	82	4	3	7969559	7969638	989599	989679	1.71e-18
contig_2296	0	110	contig_2296	FR823383.1	91.463	82	4	3	7969559	7969638	847983	848063	1.71e-18
contig_2296	0	110	contig_2296	FR823392.1	91.463	82	4	3	7969559	7969638	4337326	4337406	1.71e-18
contig_810	0	108	contig_810	LN714477.1	90.476	84	5	3	3387696	3387777	850447	850365	3.27e-18
contig_810	0	108	contig_810	LN714486.1	90.476	84	5	3	3387696	3387777	4341048	4340966	3.27e-18
contig_810	0	108	contig_810	LN714492.1	90.476	84	5	3	3387696	3387777	989679	989597	3.27e-18
contig_810	0	108	contig_810	FR823383.1	90.476	84	5	3	3387696	3387777	848063	847981	3.27e-18
contig_810	0	108	contig_810	FR823392.1	90.476	84	5	3	3387696	3387777	4337406	4337324	3.27e-18
contig_1778	0	311	contig_1778	NC_025260.1	93.720	207	13	0	3743334	3743540	901771	901977	2.35e-79
contig_1778	0	311	contig_1778	NC_025262.1	94.118	204	12	0	3743337	3743540	237780	237577	2.35e-79
contig_1778	0	311	contig_1778	AP011946.1	93.720	207	13	0	3743334	3743540	901771	901977	2.35e-79
contig_1778	0	311	contig_1778	AP011948.1	94.118	204	12	0	3743337	3743540	237780	237577	2.35e-79
contig_1778	0	305	contig_1778	NC_027207.2	92.523	214	15	1	3743337	3743549	619028	618815	1.09e-77
contig_862	0	110	contig_862	LN714477.1	94.444	72	3	1	53860	53930	850376	850447	3.78e-20
contig_862	0	110	contig_862	LN714486.1	94.444	72	3	1	53860	53930	4340977	4341048	3.78e-20
contig_862	0	110	contig_862	LN714492.1	94.444	72	3	1	53860	53930	989608	989679	3.78e-20
contig_862	0	110	contig_862	FR823383.1	94.444	72	3	1	53860	53930	847992	848063	3.78e-20
contig_862	0	110	contig_862	FR823392.1	94.444	72	3	1	53860	53930	4337335	4337406	3.78e-20
contig_18093	0	89.8	contig_18093	LN714477.1	94.737	57	3	0	1732	1788	850391	850447	3.02e-15
contig_18093	0	89.8	contig_18093	LN714486.1	94.737	57	3	0	1732	1788	4340992	4341048	3.02e-15
contig_18093	0	89.8	contig_18093	LN714492.1	94.737	57	3	0	1732	1788	989623	989679	3.02e-15
contig_18093	0	89.8	contig_18093	FR823383.1	94.737	57	3	0	1732	1788	848007	848063	3.02e-15
contig_18093	0	89.8	contig_18093	FR823392.1	94.737	57	3	0	1732	1788	4337350	4337406	3.02e-15
contig_475	0	119	contig_475	LN714492.1	90.323	93	5	4	1334095	1334184	989679	989588	3.76e-21
contig_475	0	115	contig_475	LN714477.1	91.765	85	4	3	6695917	6695999	850447	850364	4.86e-20
contig_475	0	115	contig_475	LN714486.1	91.765	85	4	3	6695917	6695999	4341048	4340965	4.86e-20
contig_475	0	115	contig_475	FR823383.1	91.765	85	4	3	6695917	6695999	848063	847980	4.86e-20
contig_475	0	115	contig_475	FR823392.1	91.765	85	4	3	6695917	6695999	4337406	4337323	4.86e-20
contig_6844	0	115	contig_6844	LN714477.1	91.765	85	4	3	410348	410430	850447	850364	3.30e-21
contig_6844	0	115	contig_6844	LN714486.1	91.765	85	4	3	410348	410430	4341048	4340965	3.30e-21
contig_6844	0	115	contig_6844	LN714492.1	91.765	85	4	3	410348	410430	989679	989596	3.30e-21
contig_6844	0	115	contig_6844	FR823383.1	91.765	85	4	3	410348	410430	848063	847980	3.30e-21
contig_6844	0	115	contig_6844	FR823392.1	91.765	85	4	3	410348	410430	4337406	4337323	3.30e-21
contig_3264	0	84.2	contig_3264	NC_027206.1	78.740	127	26	1	2059739	2059864	694725	694851	3.91e-11
contig_3264	0	84.2	contig_3264	FO082872.1	78.740	127	26	1	2059739	2059864	694725	694851	3.91e-11
contig_7225	0	110	contig_7225	LN714477.1	91.463	82	4	3	192024	192103	850447	850367	1.37e-19
contig_7225	0	110	contig_7225	LN714486.1	91.463	82	4	3	192024	192103	4341048	4340968	1.37e-19
contig_7225	0	110	contig_7225	LN714492.1	91.463	82	4	3	192024	192103	989679	989599	1.37e-19
contig_7225	0	110	contig_7225	FR823383.1	91.463	82	4	3	192024	192103	848063	847983	1.37e-19
contig_7225	0	110	contig_7225	FR823392.1	91.463	82	4	3	192024	192103	4337406	4337326	1.37e-19
contig_2706	0	167	contig_2706	NC_027207.2	95.238	105	5	0	45	149	614851	614747	1.12e-39
contig_2706	0	167	contig_2706	LN871598.1	95.238	105	5	0	45	149	614851	614747	1.12e-39
contig_2706	0	165	contig_2706	LN714474.1	96.040	101	4	0	156	256	973440	973340	4.02e-39
contig_2706	0	165	contig_2706	LN714484.1	96.040	101	4	0	156	256	4173500	4173600	4.02e-39
contig_2706	0	165	contig_2706	LN714489.1	96.040	101	4	0	156	256	1587589	1587489	4.02e-39
contig_10955	0	562	contig_10955	NC_027207.2	84.007	594	85	10	323439	324027	614263	614851	5.14e-156
contig_10955	0	562	contig_10955	LN871598.1	84.007	594	85	10	323439	324027	614263	614851	5.14e-156
contig_10955	0	555	contig_10955	NC_025260.1	83.784	592	89	7	323440	324027	908126	907538	8.61e-154
contig_10955	0	555	contig_10955	NC_025262.1	83.784	592	89	7	323440	324027	231432	232020	8.61e-154
contig_10955	0	555	contig_10955	AP011946.1	83.784	592	89	7	323440	324027	908126	907538	8.61e-154
contig_2222	0	100	contig_2222	NC_034969.1	92.754	69	5	0	946725	946793	1070607	1070675	5.61e-16
contig_2222	0	100	contig_2222	LN871599.1	92.754	69	5	0	946725	946793	1070607	1070675	5.61e-16
contig_2222	0	89.8	contig_2222	LN714487.1	89.855	69	7	0	946725	946793	6291838	6291770	1.21e-12
contig_2222	0	89.8	contig_2222	FR823393.1	89.855	69	7	0	946725	946793	6287138	6287070	1.21e-12
contig_2222	0	89.8	contig_2222	NC_018398.1	89.855	69	7	0	946725	946793	6287138	6287070	1.21e-12
contig_6622	0	684	contig_6622	NC_027207.2	80.428	935	151	30	9546	10462	614263	615183	0.0
contig_6622	0	684	contig_6622	LN871598.1	80.428	935	151	30	9546	10462	614263	615183	0.0
contig_6622	0	676	contig_6622	NC_025260.1	80.279	933	155	23	9547	10462	908126	907206	0.0
contig_6622	0	676	contig_6622	NC_025262.1	80.279	933	155	23	9547	10462	231432	232352	0.0
contig_6622	0	676	contig_6622	AP011946.1	80.279	933	155	23	9547	10462	908126	907206	0.0
contig_3666	0	110	contig_3666	LN714477.1	94.444	72	3	1	5235374	5235444	850447	850376	1.71e-18
contig_3666	0	110	contig_3666	LN714486.1	94.444	72	3	1	5235374	5235444	4341048	4340977	1.71e-18
contig_3666	0	110	contig_3666	LN714492.1	94.444	72	3	1	5235374	5235444	989679	989608	1.71e-18
contig_3666	0	110	contig_3666	FR823383.1	94.444	72	3	1	5235374	5235444	848063	847992	1.71e-18
contig_3666	0	110	contig_3666	FR823392.1	94.444	72	3	1	5235374	5235444	4337406	4337335	1.71e-18
contig_2370	0	108	contig_2370	LN714477.1	90.476	84	5	3	104721	104802	850447	850365	1.03e-18
contig_2370	0	108	contig_2370	LN714486.1	90.476	84	5	3	104721	104802	4341048	4340966	1.03e-18
contig_2370	0	108	contig_2370	LN714492.1	90.476	84	5	3	104721	104802	989679	989597	1.03e-18
contig_2370	0	108	contig_2370	FR823383.1	90.476	84	5	3	104721	104802	848063	847981	1.03e-18
contig_2370	0	108	contig_2370	FR823392.1	90.476	84	5	3	104721	104802	4337406	4337324	1.03e-18
contig_7991	0	206	contig_7991	LN714474.1	91.391	151	12	1	2779	2929	973340	973489	7.45e-51
contig_7991	0	206	contig_7991	LN714484.1	91.892	148	11	1	2782	2929	4173597	4173451	7.45e-51
contig_7991	0	206	contig_7991	LN714499.1	91.391	151	12	1	2779	2929	5118368	5118517	7.45e-51
contig_7991	0	206	contig_7991	FR823380.1	91.391	151	12	1	2779	2929	972317	972466	7.45e-51
contig_7991	0	206	contig_7991	NC_018385.1	91.391	151	12	1	2779	2929	972317	972466	7.45e-51
contig_5569	0	113	contig_5569	LN714477.1	91.667	84	4	3	434851	434932	850365	850447	8.60e-21
contig_5569	0	113	contig_5569	LN714486.1	91.667	84	4	3	434851	434932	4340966	4341048	8.60e-21
contig_5569	0	113	contig_5569	LN714492.1	91.667	84	4	3	434851	434932	989597	989679	8.60e-21
contig_5569	0	113	contig_5569	FR823383.1	91.667	84	4	3	434851	434932	847981	848063	8.60e-21
contig_5569	0	113	contig_5569	FR823392.1	91.667	84	4	3	434851	434932	4337324	4337406	8.60e-21
contig_16047	0	104	contig_16047	LN714477.1	93.056	72	4	1	4581	4651	850447	850376	1.14e-18
contig_16047	0	104	contig_16047	LN714486.1	93.056	72	4	1	4581	4651	4341048	4340977	1.14e-18
contig_16047	0	104	contig_16047	LN714492.1	93.056	72	4	1	4581	4651	989679	989608	1.14e-18
contig_16047	0	104	contig_16047	FR823383.1	93.056	72	4	1	4581	4651	848063	847992	1.14e-18
contig_16047	0	104	contig_16047	FR823392.1	93.056	72	4	1	4581	4651	4337406	4337335	1.14e-18
contig_6967	0	521	contig_6967	LN714474.1	89.806	412	34	6	130302	130713	973113	973516	2.98e-144
contig_6967	0	521	contig_6967	LN714484.1	89.806	412	34	6	130302	130713	4173827	4173424	2.98e-144
contig_6967	0	521	contig_6967	LN714499.1	89.806	412	34	6	130302	130713	5118141	5118544	2.98e-144
contig_6967	0	516	contig_6967	LN714489.1	89.563	412	35	6	130302	130713	1587262	1587665	1.39e-142
contig_6967	0	508	contig_6967	NC_025260.1	88.525	427	39	9	130286	130711	902246	902663	2.32e-140
contig_262	0	538	contig_262	NC_027207.2	84.888	536	78	3	3308153	3308687	619167	618634	7.40e-148
contig_262	0	538	contig_262	LN871598.1	84.888	536	78	3	3308153	3308687	619167	618634	7.40e-148
contig_262	0	531	contig_262	LN714474.1	90.268	411	33	5	3308799	3309209	973113	973516	1.24e-145
contig_262	0	531	contig_262	LN714484.1	90.268	411	33	5	3308799	3309209	4173827	4173424	1.24e-145
contig_262	0	531	contig_262	LN714499.1	90.268	411	33	5	3308799	3309209	5118141	5118544	1.24e-145
contig_903	0	357	contig_903	LN714482.1	82.143	420	71	4	27902	28319	1725775	1725358	2.16e-93
contig_903	0	357	contig_903	FR823389.1	82.143	420	71	4	27902	28319	1723310	1722893	2.16e-93
contig_903	0	357	contig_903	NC_018394.1	82.143	420	71	4	27902	28319	1723310	1722893	2.16e-93
contig_903	0	113	contig_903	LN714502.1	87.629	97	12	0	19560	19656	5712023	5712119	5.15e-20
contig_903	0	111	contig_903	LN714477.1	91.566	83	4	3	1230563	1230643	850366	850447	1.85e-19
contig_6837	0	110	contig_6837	LN714477.1	94.444	72	3	1	136617	136687	850447	850376	6.50e-20
contig_6837	0	110	contig_6837	LN714486.1	94.444	72	3	1	136617	136687	4341048	4340977	6.50e-20
contig_6837	0	110	contig_6837	LN714492.1	94.444	72	3	1	136617	136687	989679	989608	6.50e-20
contig_6837	0	110	contig_6837	FR823383.1	94.444	72	3	1	136617	136687	848063	847992	6.50e-20
contig_6837	0	110	contig_6837	FR823392.1	94.444	72	3	1	136617	136687	4337406	4337335	6.50e-20
contig_3276	0	150	contig_3276	NC_025262.1	87.121	132	17	0	416441	416572	1190277	1190408	7.56e-32
contig_3276	0	150	contig_3276	AP011948.1	87.121	132	17	0	416441	416572	1190277	1190408	7.56e-32
contig_2187	0	492	contig_2187	NC_027207.2	83.302	539	84	6	787	1324	618634	619167	3.73e-137
contig_2187	0	492	contig_2187	LN871598.1	83.302	539	84	6	787	1324	618634	619167	3.73e-137
contig_2187	0	481	contig_2187	NC_025260.1	82.963	540	85	7	787	1324	902168	901634	8.06e-134
contig_2187	0	481	contig_2187	NC_025262.1	82.963	540	85	7	787	1324	237386	237920	8.06e-134
contig_2187	0	481	contig_2187	AP011946.1	82.963	540	85	7	787	1324	902168	901634	8.06e-134
contig_157	0	99.0	contig_157	LN714477.1	89.024	82	6	3	316706	316785	850367	850447	3.64e-16
contig_157	0	99.0	contig_157	LN714486.1	89.024	82	6	3	316706	316785	4340968	4341048	3.64e-16
contig_157	0	99.0	contig_157	LN714492.1	89.024	82	6	3	316706	316785	989599	989679	3.64e-16
contig_157	0	99.0	contig_157	FR823383.1	89.024	82	6	3	316706	316785	847983	848063	3.64e-16
contig_157	0	99.0	contig_157	FR823392.1	89.024	82	6	3	316706	316785	4337326	4337406	3.64e-16
contig_139	0	113	contig_139	LN714477.1	91.667	84	4	3	694444	694525	850447	850365	8.54e-20
contig_139	0	113	contig_139	LN714486.1	91.667	84	4	3	694444	694525	4341048	4340966	8.54e-20
contig_139	0	113	contig_139	LN714492.1	91.667	84	4	3	694444	694525	989679	989597	8.54e-20
contig_139	0	113	contig_139	FR823383.1	91.667	84	4	3	694444	694525	848063	847981	8.54e-20
contig_139	0	113	contig_139	FR823392.1	91.667	84	4	3	694444	694525	4337406	4337324	8.54e-20
contig_7404	0	80.5	contig_7404	NC_034969.1	92.727	55	4	0	9915	9969	1070621	1070675	2.01e-12
contig_7404	0	80.5	contig_7404	LN871599.1	92.727	55	4	0	9915	9969	1070621	1070675	2.01e-12
contig_7404	0	76.8	contig_7404	LN714477.1	100.000	41	0	0	9929	9969	541115	541075	2.60e-11
contig_7404	0	76.8	contig_7404	LN714487.1	100.000	41	0	0	9929	9969	6291810	6291770	2.60e-11
contig_7404	0	76.8	contig_7404	LN714492.1	100.000	41	0	0	9929	9969	662433	662393	2.60e-11
contig_1028	0	78.7	contig_1028	LN714477.1	97.778	45	1	0	199902	199946	850447	850403	4.73e-10
contig_1028	0	78.7	contig_1028	LN714486.1	97.778	45	1	0	199902	199946	4341048	4341004	4.73e-10
contig_1028	0	78.7	contig_1028	LN714492.1	97.778	45	1	0	199902	199946	989679	989635	4.73e-10
contig_1028	0	78.7	contig_1028	FR823383.1	97.778	45	1	0	199902	199946	848063	848019	4.73e-10
contig_1028	0	78.7	contig_1028	FR823392.1	97.778	45	1	0	199902	199946	4337406	4337362	4.73e-10
contig_1747	0	427	contig_1747	LN714474.1	90.120	334	26	7	1	330	973186	973516	2.81e-118
contig_1747	0	427	contig_1747	LN714484.1	90.120	334	26	7	1	330	4173754	4173424	2.81e-118
contig_1747	0	427	contig_1747	LN714499.1	90.120	334	26	7	1	330	5118214	5118544	2.81e-118
contig_1747	0	422	contig_1747	LN714489.1	89.820	334	27	7	1	330	1587335	1587665	1.31e-116
contig_1747	0	405	contig_1747	NC_027207.2	89.329	328	28	7	1	324	618471	618147	1.32e-111
contig_2938	0	115	contig_2938	LN714477.1	91.765	85	4	3	411089	411171	850364	850447	5.50e-21
contig_2938	0	115	contig_2938	LN714486.1	91.765	85	4	3	411089	411171	4340965	4341048	5.50e-21
contig_2938	0	115	contig_2938	LN714492.1	91.765	85	4	3	411089	411171	989596	989679	5.50e-21
contig_2938	0	115	contig_2938	FR823383.1	91.765	85	4	3	411089	411171	847980	848063	5.50e-21
contig_2938	0	115	contig_2938	FR823392.1	91.765	85	4	3	411089	411171	4337323	4337406	5.50e-21
contig_4387	0	115	contig_4387	LN714477.1	91.765	85	4	3	1108316	1108398	850363	850446	5.26e-21
contig_4387	0	115	contig_4387	LN714492.1	91.765	85	4	3	1108316	1108398	989595	989678	5.26e-21
contig_4387	0	115	contig_4387	FR823383.1	91.765	85	4	3	1108316	1108398	847979	848062	5.26e-21
contig_4387	0	115	contig_4387	NC_018388.1	91.765	85	4	3	1108316	1108398	847979	848062	5.26e-21
contig_4387	0	113	contig_4387	LN714486.1	91.667	84	4	3	1108317	1108398	4340965	4341047	1.89e-20
contig_8361	0	438	contig_8361	NC_027207.2	84.410	449	66	4	29751	30197	619080	618634	1.15e-119
contig_8361	0	438	contig_8361	LN871598.1	84.410	449	66	4	29751	30197	619080	618634	1.15e-119
contig_8361	0	431	contig_8361	NC_025260.1	82.271	502	86	3	29698	30197	901668	902168	1.92e-117
contig_8361	0	431	contig_8361	NC_025262.1	82.365	499	85	3	29701	30197	237883	237386	1.92e-117
contig_8361	0	431	contig_8361	AP011946.1	82.271	502	86	3	29698	30197	901668	902168	1.92e-117
contig_4357	0	67.6	contig_4357	LN714493.1	91.667	48	4	0	2766628	2766675	2196846	2196893	3.92e-06
contig_8073	0	71.3	contig_8073	LN714477.1	93.617	47	3	0	60236	60282	850447	850401	1.97e-08
contig_8073	0	71.3	contig_8073	LN714486.1	93.617	47	3	0	60236	60282	4341048	4341002	1.97e-08
contig_8073	0	71.3	contig_8073	LN714492.1	93.617	47	3	0	60236	60282	989679	989633	1.97e-08
contig_8073	0	71.3	contig_8073	FR823383.1	93.617	47	3	0	60236	60282	848063	848017	1.97e-08
contig_8073	0	71.3	contig_8073	FR823392.1	93.617	47	3	0	60236	60282	4337406	4337360	1.97e-08
contig_4849	0	684	contig_4849	NC_027207.2	80.428	935	151	30	12217	13133	614263	615183	0.0
contig_4849	0	684	contig_4849	LN871598.1	80.428	935	151	30	12217	13133	614263	615183	0.0
contig_4849	0	676	contig_4849	NC_025260.1	80.279	933	155	23	12218	13133	908126	907206	0.0
contig_4849	0	676	contig_4849	NC_025262.1	80.279	933	155	23	12218	13133	231432	232352	0.0
contig_4849	0	676	contig_4849	AP011946.1	80.279	933	155	23	12218	13133	908126	907206	0.0
contig_490	0	104	contig_490	LN714477.1	93.056	72	4	1	84008	84078	850447	850376	1.22e-18
contig_490	0	104	contig_490	LN714486.1	93.056	72	4	1	84008	84078	4341048	4340977	1.22e-18
contig_490	0	104	contig_490	LN714492.1	93.056	72	4	1	84008	84078	989679	989608	1.22e-18
contig_490	0	104	contig_490	FR823383.1	93.056	72	4	1	84008	84078	848063	847992	1.22e-18
contig_490	0	104	contig_490	FR823392.1	93.056	72	4	1	84008	84078	4337406	4337335	1.22e-18
contig_678	0	110	contig_678	LN714477.1	94.444	72	3	1	2282214	2282284	850376	850447	9.22e-19
contig_678	0	110	contig_678	LN714486.1	94.444	72	3	1	2282214	2282284	4340977	4341048	9.22e-19
contig_678	0	110	contig_678	LN714492.1	94.444	72	3	1	2282214	2282284	989608	989679	9.22e-19
contig_678	0	110	contig_678	FR823383.1	94.444	72	3	1	2282214	2282284	847992	848063	9.22e-19
contig_678	0	110	contig_678	FR823392.1	94.444	72	3	1	2282214	2282284	4337335	4337406	9.22e-19
contig_3228	0	110	contig_3228	NC_027207.2	94.366	71	4	0	1289467	1289537	614816	614746	4.53e-19
contig_3228	0	110	contig_3228	LN871598.1	94.366	71	4	0	1289467	1289537	614816	614746	4.53e-19
contig_3228	0	106	contig_3228	NC_025260.1	93.056	72	5	0	1289467	1289538	907573	907644	5.86e-18
contig_3228	0	106	contig_3228	NC_025262.1	93.056	72	5	0	1289467	1289538	231985	231914	5.86e-18
contig_3228	0	106	contig_3228	AP011946.1	93.056	72	5	0	1289467	1289538	907573	907644	5.86e-18
contig_2326	0	110	contig_2326	NC_027207.2	94.366	71	4	0	1803289	1803359	1146058	1145988	4.02e-19
contig_2326	0	110	contig_2326	LN871598.1	94.366	71	4	0	1803289	1803359	1146058	1145988	4.02e-19
contig_2326	0	108	contig_2326	LN714482.1	89.535	86	7	2	1817880	1817964	2482987	2482903	1.44e-18
contig_2326	0	108	contig_2326	FR823389.1	89.535	86	7	2	1817880	1817964	2480647	2480563	1.44e-18
contig_2326	0	108	contig_2326	NC_018394.1	89.535	86	7	2	1817880	1817964	2480647	2480563	1.44e-18
contig_1139	0	110	contig_1139	LN714477.1	91.463	82	4	3	2793246	2793325	850367	850447	1.43e-18
contig_1139	0	110	contig_1139	LN714486.1	91.463	82	4	3	2793246	2793325	4340968	4341048	1.43e-18
contig_1139	0	110	contig_1139	LN714492.1	91.463	82	4	3	2793246	2793325	989599	989679	1.43e-18
contig_1139	0	110	contig_1139	FR823383.1	91.463	82	4	3	2793246	2793325	847983	848063	1.43e-18
contig_1139	0	110	contig_1139	FR823392.1	91.463	82	4	3	2793246	2793325	4337326	4337406	1.43e-18
contig_1323	0	366	contig_1323	NC_025260.1	81.579	456	73	10	362	809	908126	907674	8.70e-100
contig_1323	0	366	contig_1323	NC_025262.1	81.579	456	73	10	362	809	231432	231884	8.70e-100
contig_1323	0	366	contig_1323	AP011946.1	81.579	456	73	10	362	809	908126	907674	8.70e-100
contig_1323	0	366	contig_1323	AP011948.1	81.579	456	73	10	362	809	231432	231884	8.70e-100
contig_1323	0	363	contig_1323	NC_027207.2	81.441	458	71	14	361	809	614263	614715	1.13e-98
contig_6502	0	684	contig_6502	NC_027207.2	80.428	935	151	30	10427	11343	615183	614263	0.0
contig_6502	0	684	contig_6502	LN871598.1	80.428	935	151	30	10427	11343	615183	614263	0.0
contig_6502	0	676	contig_6502	NC_025260.1	80.279	933	155	23	10427	11342	907206	908126	0.0
contig_6502	0	676	contig_6502	NC_025262.1	80.279	933	155	23	10427	11342	232352	231432	0.0
contig_6502	0	676	contig_6502	AP011946.1	80.279	933	155	23	10427	11342	907206	908126	0.0
contig_3547	0	110	contig_3547	LN714477.1	94.444	72	3	1	2650305	2650375	850376	850447	6.63e-19
contig_3547	0	110	contig_3547	LN714486.1	94.444	72	3	1	2650305	2650375	4340977	4341048	6.63e-19
contig_3547	0	110	contig_3547	LN714492.1	94.444	72	3	1	2650305	2650375	989608	989679	6.63e-19
contig_3547	0	110	contig_3547	FR823383.1	94.444	72	3	1	2650305	2650375	847992	848063	6.63e-19
contig_3547	0	110	contig_3547	FR823392.1	94.444	72	3	1	2650305	2650375	4337335	4337406	6.63e-19
contig_2132	0	86.1	contig_2132	LN714482.1	94.545	55	3	0	1738635	1738689	4008207	4008261	2.41e-11
contig_2132	0	86.1	contig_2132	LN714486.1	94.545	55	3	0	1738635	1738689	3430316	3430370	2.41e-11
contig_2132	0	86.1	contig_2132	LN714494.1	97.959	49	1	0	1738641	1738689	2857654	2857606	2.41e-11
contig_2132	0	86.1	contig_2132	LN714501.1	94.545	55	3	0	1738635	1738689	3733751	3733805	2.41e-11
contig_2132	0	86.1	contig_2132	FR823389.1	94.545	55	3	0	1738635	1738689	4003398	4003452	2.41e-11
contig_2001	0	82.4	contig_2001	LN714482.1	94.444	54	2	1	207340	207393	4008213	4008265	4.33e-11
contig_2001	0	82.4	contig_2001	LN714486.1	94.444	54	2	1	207340	207393	3430322	3430374	4.33e-11
contig_2001	0	82.4	contig_2001	LN714494.1	94.444	54	2	1	207340	207393	2857654	2857602	4.33e-11
contig_2001	0	82.4	contig_2001	LN714501.1	94.444	54	2	1	207340	207393	3733757	3733809	4.33e-11
contig_2001	0	82.4	contig_2001	FR823389.1	94.444	54	2	1	207340	207393	4003404	4003456	4.33e-11
contig_3266	0	100	contig_3266	NC_027207.2	91.781	73	4	1	782223	782295	1145988	1146058	1.14e-16
contig_3266	0	100	contig_3266	LN714475.1	89.024	82	8	1	782229	782310	1836369	1836449	1.14e-16
contig_3266	0	100	contig_3266	LN714479.1	88.235	85	8	2	782223	782306	1709077	1709160	1.14e-16
contig_3266	0	100	contig_3266	LN871598.1	91.781	73	4	1	782223	782295	1145988	1146058	1.14e-16
contig_3266	0	100	contig_3266	FR823381.1	89.024	82	8	1	782229	782310	1835290	1835370	1.14e-16
contig_5365	0	326	contig_5365	LN714482.1	81.500	400	71	3	590153	590551	1725758	1725361	2.14e-84
contig_5365	0	326	contig_5365	FR823389.1	81.500	400	71	3	590153	590551	1723293	1722896	2.14e-84
contig_5365	0	326	contig_5365	NC_018394.1	81.500	400	71	3	590153	590551	1723293	1722896	2.14e-84
contig_5365	0	119	contig_5365	LN714502.1	88.660	97	11	0	571382	571478	5712023	5712119	3.89e-22
contig_5365	0	110	contig_5365	LN714487.1	91.250	80	7	0	596214	596293	124183	124262	2.34e-19
contig_2630	0	366	contig_2630	NC_027207.2	78.365	624	93	34	3	619	614145	613557	1.20e-99
contig_2630	0	366	contig_2630	LN871598.1	78.365	624	93	34	3	619	614145	613557	1.20e-99
contig_2630	0	348	contig_2630	NC_025260.1	77.885	624	94	31	4	619	908233	908820	4.34e-94
contig_2630	0	348	contig_2630	NC_025262.1	77.939	621	93	31	7	619	231322	230738	4.34e-94
contig_2630	0	348	contig_2630	AP011946.1	77.885	624	94	31	4	619	908233	908820	4.34e-94
contig_2679	0	87.9	contig_2679	LN714474.1	81.416	113	15	4	146	258	973113	973219	2.25e-16
contig_2679	0	87.9	contig_2679	LN714484.1	81.416	113	15	4	146	258	4173827	4173721	2.25e-16
contig_2679	0	87.9	contig_2679	LN714489.1	81.416	113	15	4	146	258	1587262	1587368	2.25e-16
contig_2679	0	87.9	contig_2679	LN714499.1	81.416	113	15	4	146	258	5118141	5118247	2.25e-16
contig_530	0	449	contig_530	NC_027207.2	85.102	443	63	3	2	443	618727	619167	7.86e-125
contig_530	0	449	contig_530	LN871598.1	85.102	443	63	3	2	443	618727	619167	7.86e-125
contig_530	0	440	contig_530	NC_025260.1	84.807	441	63	4	5	443	902072	901634	4.73e-122
contig_530	0	440	contig_530	NC_025262.1	84.685	444	64	4	2	443	237479	237920	4.73e-122
contig_530	0	440	contig_530	AP011946.1	84.807	441	63	4	5	443	902072	901634	4.73e-122
contig_6124	0	276	contig_6124	LN714474.1	91.919	198	15	1	360	557	973516	973320	1.02e-72
contig_6124	0	276	contig_6124	LN714484.1	91.919	198	15	1	360	557	4173424	4173620	1.02e-72
contig_6124	0	276	contig_6124	LN714499.1	91.919	198	15	1	360	557	5118544	5118348	1.02e-72
contig_6124	0	276	contig_6124	FR823380.1	91.919	198	15	1	360	557	972493	972297	1.02e-72
contig_6124	0	276	contig_6124	NC_018385.1	91.919	198	15	1	360	557	972493	972297	1.02e-72
contig_2867	0	531	contig_2867	LN714474.1	90.268	411	33	5	45	455	973516	973113	1.72e-149
contig_2867	0	531	contig_2867	LN714484.1	90.268	411	33	5	45	455	4173424	4173827	1.72e-149
contig_2867	0	531	contig_2867	LN714499.1	90.268	411	33	5	45	455	5118544	5118141	1.72e-149
contig_2867	0	525	contig_2867	LN714489.1	90.024	411	34	5	45	455	1587665	1587262	8.02e-148
contig_2867	0	520	contig_2867	NC_025260.1	88.993	427	38	8	47	472	902663	902245	3.73e-146
contig_1659	0	137	contig_1659	LN714474.1	94.382	89	5	0	1	89	973433	973345	1.07e-30
contig_1659	0	137	contig_1659	LN714484.1	95.349	86	4	0	1	86	4173507	4173592	1.07e-30
contig_1659	0	137	contig_1659	LN714489.1	94.382	89	5	0	1	89	1587582	1587494	1.07e-30
contig_1659	0	137	contig_1659	LN714499.1	94.382	89	5	0	1	89	5118461	5118373	1.07e-30
contig_1659	0	137	contig_1659	NC_025260.1	94.382	89	5	0	1	89	902582	902494	1.07e-30
contig_5699	0	568	contig_5699	NC_027207.2	84.175	594	84	10	48	636	614851	614263	3.14e-160
contig_5699	0	568	contig_5699	LN871598.1	84.175	594	84	10	48	636	614851	614263	3.14e-160
contig_5699	0	560	contig_5699	NC_025260.1	83.953	592	88	7	48	635	907538	908126	5.26e-158
contig_5699	0	560	contig_5699	NC_025262.1	83.953	592	88	7	48	635	232020	231432	5.26e-158
contig_5699	0	560	contig_5699	AP011946.1	83.953	592	88	7	48	635	907538	908126	5.26e-158
contig_3051	0	538	contig_3051	NC_027207.2	84.888	536	78	3	531	1065	619167	618634	5.76e-151
contig_3051	0	538	contig_3051	LN871598.1	84.888	536	78	3	531	1065	619167	618634	5.76e-151
contig_3051	0	531	contig_3051	LN714474.1	90.268	411	33	5	1177	1587	973113	973516	9.64e-149
contig_3051	0	531	contig_3051	LN714484.1	90.268	411	33	5	1177	1587	4173827	4173424	9.64e-149
contig_3051	0	531	contig_3051	LN714499.1	90.268	411	33	5	1177	1587	5118141	5118544	9.64e-149
contig_5900	0	531	contig_5900	LN714474.1	90.268	411	33	5	819	1229	973516	973113	6.68e-149
contig_5900	0	531	contig_5900	LN714484.1	90.268	411	33	5	819	1229	4173424	4173827	6.68e-149
contig_5900	0	531	contig_5900	LN714499.1	90.268	411	33	5	819	1229	5118544	5118141	6.68e-149
contig_5900	0	525	contig_5900	LN714489.1	90.024	411	34	5	819	1229	1587665	1587262	3.11e-147
contig_5900	0	520	contig_5900	NC_025260.1	88.993	427	38	8	821	1246	902663	902245	1.45e-145
contig_6652	0	538	contig_6652	NC_027207.2	84.888	536	78	3	101	635	619167	618634	3.53e-151
contig_6652	0	538	contig_6652	LN871598.1	84.888	536	78	3	101	635	619167	618634	3.53e-151
contig_6652	0	531	contig_6652	LN714474.1	90.268	411	33	5	747	1157	973113	973516	5.90e-149
contig_6652	0	531	contig_6652	LN714484.1	90.268	411	33	5	747	1157	4173827	4173424	5.90e-149
contig_6652	0	531	contig_6652	LN714499.1	90.268	411	33	5	747	1157	5118141	5118544	5.90e-149
contig_6653	0	224	contig_6653	LN714474.1	90.173	173	16	1	228	400	973345	973516	3.41e-57
contig_6653	0	224	contig_6653	LN714484.1	90.588	170	15	1	231	400	4173592	4173424	3.41e-57
contig_6653	0	224	contig_6653	LN714499.1	90.173	173	16	1	228	400	5118373	5118544	3.41e-57
contig_6653	0	224	contig_6653	FR823380.1	90.173	173	16	1	228	400	972322	972493	3.41e-57
contig_6653	0	224	contig_6653	NC_018385.1	90.173	173	16	1	228	400	972322	972493	3.41e-57
